-- developers

insert into developer (id, developer_contact_number, developer_contact_person, developer_name, is_active) values (1, '58025060860', 'Le Blanc', 'November', true);
insert into developer (id, developer_contact_number, developer_contact_person, developer_name, is_active) values (2, '58025060860', 'Olyunin', 'X-ray', false);
insert into developer (id, developer_contact_number, developer_contact_person, developer_name, is_active) values (3, '59837886327', 'Estcourt', 'Juliett', true);
insert into developer (id, developer_contact_number, developer_contact_person, developer_name, is_active) values (4, '17802596626', 'Fidilis', 'Hotel', true);
insert into developer (id, developer_contact_number, developer_contact_person, developer_name, is_active) values (5, '79952500379', 'Merwood', 'Uniform', true);
insert into developer (id, developer_contact_number, developer_contact_person, developer_name, is_active) values (6, '55575544758', 'Brownell', 'Banana', true);
insert into developer (id, developer_contact_number, developer_contact_person, developer_name, is_active) values (7, '88557740641', 'Lamble', 'Echo', false);

-- buildings

insert into building (building_construction_type, building_details, building_location_details, building_number, building_realization_term, building_section, city, creation_date, developer_id, developer_name, distance_to_kindergarten, distance_to_park, distance_to_river, distance_to_school, distance_to_shopping_centers, district, edit_date, id, is_active, is_connected_to_media, is_elevator_available, is_garage_available, is_parking_available, is_primary_market, number_of_apartments, photos_url, region, street, time_to_bus_stop_min, time_to_city_center_min) values ('Bravo', null, 'penatibus et magnis dis parturient montes nascetur ridiculus mus etiam vel augue vestibulum rutrum', 15, '1984-11-17', 10, 'Erong', '2013-11-16', 4, 'suspendisse', 156, 1394, 645, 2908, 1785, 'convallis tortor', null, 1, false, false, true, false, true, true, 787, 'http://elpais.com', 'Whiskey', 'American Ash', 25, 83);
insert into building (building_construction_type, building_details, building_location_details, building_number, building_realization_term, building_section, city, creation_date, developer_id, developer_name, distance_to_kindergarten, distance_to_park, distance_to_river, distance_to_school, distance_to_shopping_centers, district, edit_date, id, is_active, is_connected_to_media, is_elevator_available, is_garage_available, is_parking_available, is_primary_market, number_of_apartments, photos_url, region, street, time_to_bus_stop_min, time_to_city_center_min) values ('Zulu', 'justo in hac habitasse platea dictumst etiam faucibus cursus', 'nullam sit amet turpis elementum ligula vehicula consequat morbi a ipsum integer a nibh in', 35, '2011-02-22', 8, 'Villeneuve-la-Garenne', '2020-08-08', 4, 'eget', 2937, 2601, 1172, 869, 2724, 'dictumst', null, 2, true, false, false, false, true, true, 39, 'https://live.com', 'Mike', 'Lawn', 53, 74);
insert into building (building_construction_type, building_details, building_location_details, building_number, building_realization_term, building_section, city, creation_date, developer_id, developer_name, distance_to_kindergarten, distance_to_park, distance_to_river, distance_to_school, distance_to_shopping_centers, district, edit_date, id, is_active, is_connected_to_media, is_elevator_available, is_garage_available, is_parking_available, is_primary_market, number_of_apartments, photos_url, region, street, time_to_bus_stop_min, time_to_city_center_min) values ('Alfa', null, 'enim blandit mi in porttitor pede justo eu massa donec dapibus', 69, '1995-05-29', 6, 'Dalsjöfors', '2020-05-26', 1, 'augue', 887, 1760, 2969, 2348, 2882, 'nec nisi', null, 3, true, true, true, false, false, true, 963, 'https://joomla.org', 'Zulu', 'David', 32, 21);
insert into building (building_construction_type, building_details, building_location_details, building_number, building_realization_term, building_section, city, creation_date, developer_id, developer_name, distance_to_kindergarten, distance_to_park, distance_to_river, distance_to_school, distance_to_shopping_centers, district, edit_date, id, is_active, is_connected_to_media, is_elevator_available, is_garage_available, is_parking_available, is_primary_market, number_of_apartments, photos_url, region, street, time_to_bus_stop_min, time_to_city_center_min) values ('X-ray', null, null, 34, '2004-08-23', null, 'Lapachito', '2013-07-29', 6, 'eu tincidunt', 2964, 1895, 1988, 1449, 2859, 'suspendisse', null, 4, false, false, true, false, false, true, 140, 'http://canalblog.com', 'India Sierra', 'John Wall', 26, 44);
insert into building (building_construction_type, building_details, building_location_details, building_number, building_realization_term, building_section, city, creation_date, developer_id, developer_name, distance_to_kindergarten, distance_to_park, distance_to_river, distance_to_school, distance_to_shopping_centers, district, edit_date, id, is_active, is_connected_to_media, is_elevator_available, is_garage_available, is_parking_available, is_primary_market, number_of_apartments, photos_url, region, street, time_to_bus_stop_min, time_to_city_center_min) values ('Zulu', null, 'blandit ultrices enim lorem ipsum dolor sit amet consectetuer adipiscing elit proin interdum mauris non ligula pellentesque ultrices phasellus id sapien in sapien iaculis congue vivamus', 37, '1998-01-31', 4, 'Bweyogerere', '2019-03-31', 5, 'non mauris', 1064, 1231, 2728, 1040, 1937, 'elementum', '2020-02-19', 5, true, false, false, false, true, false, 408, 'http://yahoo.co.jp', 'Romeo', 'Springs', 20, 84);
insert into building (building_construction_type, building_details, building_location_details, building_number, building_realization_term, building_section, city, creation_date, developer_id, developer_name, distance_to_kindergarten, distance_to_park, distance_to_river, distance_to_school, distance_to_shopping_centers, district, edit_date, id, is_active, is_connected_to_media, is_elevator_available, is_garage_available, is_parking_available, is_primary_market, number_of_apartments, photos_url, region, street, time_to_bus_stop_min, time_to_city_center_min) values ('Victor', 'vivamus metus arcu adipiscing molestie hendrerit at vulputate vitae nisl aenean lectus pellentesque eget nunc donec quis orci', 'sed sagittis nam congue risus semper porta volutpat quam pede lobortis ligula sit amet eleifend pede libero quis orci nullam molestie nibh', 43, '1999-11-28', 8, 'Krmelín', '2013-08-13', 7, 'parturient', 913, 505, 2219, 2276, 2554, 'sit', null, 6, false, false, true, false, true, false, 287, 'http://microsoft.com', 'Uniform', 'Longview', 46, 58);
insert into building (building_construction_type, building_details, building_location_details, building_number, building_realization_term, building_section, city, creation_date, developer_id, developer_name, distance_to_kindergarten, distance_to_park, distance_to_river, distance_to_school, distance_to_shopping_centers, district, edit_date, id, is_active, is_connected_to_media, is_elevator_available, is_garage_available, is_parking_available, is_primary_market, number_of_apartments, photos_url, region, street, time_to_bus_stop_min, time_to_city_center_min) values ('Quebec', null, null, 67, '2020-07-20', null, 'Višnjevac', '2011-06-03', 1, 'turpis integer', 154, 804, 182, 1825, 148, 'enim', null, 7, false, false, false, false, true, false, 70, 'https://aboutads.info', 'X-ray', 'Debra', 26, 66);
insert into building (building_construction_type, building_details, building_location_details, building_number, building_realization_term, building_section, city, creation_date, developer_id, developer_name, distance_to_kindergarten, distance_to_park, distance_to_river, distance_to_school, distance_to_shopping_centers, district, edit_date, id, is_active, is_connected_to_media, is_elevator_available, is_garage_available, is_parking_available, is_primary_market, number_of_apartments, photos_url, region, street, time_to_bus_stop_min, time_to_city_center_min) values ('Charlie', null, 'augue quam sollicitudin vitae consectetuer eget rutrum at lorem integer tincidunt ante vel ipsum praesent blandit lacinia erat vestibulum sed magna at nunc commodo', 26, '2001-01-31', 5, 'São Borja', '2015-04-28', 6, 'adipiscing molestie', 1155, 1183, 2132, 2305, 2172, 'ullamcorper', null, 8, true, true, false, false, true, true, 456, 'http://unesco.org', 'Hotel', 'Village', 57, 7);
insert into building (building_construction_type, building_details, building_location_details, building_number, building_realization_term, building_section, city, creation_date, developer_id, developer_name, distance_to_kindergarten, distance_to_park, distance_to_river, distance_to_school, distance_to_shopping_centers, district, edit_date, id, is_active, is_connected_to_media, is_elevator_available, is_garage_available, is_parking_available, is_primary_market, number_of_apartments, photos_url, region, street, time_to_bus_stop_min, time_to_city_center_min) values ('Romeo', null, null, 45, '2012-11-26', null, 'Porsgrunn', '2013-10-29', 7, 'sed', 2367, 2625, 1031, 2997, 1961, 'id', null, 9, false, false, true, false, false, true, 752, 'http://tripod.com', 'Papa Bravo', 'Hooker', 50, 60);
insert into building (building_construction_type, building_details, building_location_details, building_number, building_realization_term, building_section, city, creation_date, developer_id, developer_name, distance_to_kindergarten, distance_to_park, distance_to_river, distance_to_school, distance_to_shopping_centers, district, edit_date, id, is_active, is_connected_to_media, is_elevator_available, is_garage_available, is_parking_available, is_primary_market, number_of_apartments, photos_url, region, street, time_to_bus_stop_min, time_to_city_center_min) values ('Foxtrot', null, null, 17, '2016-11-05', null, 'Ughelli', '2016-08-07', 5, 'in purus', 782, 1088, 1123, 2057, 1414, 'interdum', null, 10, false, true, true, false, true, true, 328, 'http://oakley.com', 'X-ray Kilo', 'Ruskin', 1, 95);
insert into building (building_construction_type, building_details, building_location_details, building_number, building_realization_term, building_section, city, creation_date, developer_id, developer_name, distance_to_kindergarten, distance_to_park, distance_to_river, distance_to_school, distance_to_shopping_centers, district, edit_date, id, is_active, is_connected_to_media, is_elevator_available, is_garage_available, is_parking_available, is_primary_market, number_of_apartments, photos_url, region, street, time_to_bus_stop_min, time_to_city_center_min) values ('Lima', null, null, 19, '1986-06-16', null, 'Shazi', '2012-03-12', 2, 'ante ipsum', 1453, 2253, 373, 656, 1783, 'mattis egestas', null, 11, true, false, false, false, false, true, 40, 'http://blinklist.com', 'Romeo', 'Del Sol', 14, 28);
insert into building (building_construction_type, building_details, building_location_details, building_number, building_realization_term, building_section, city, creation_date, developer_id, developer_name, distance_to_kindergarten, distance_to_park, distance_to_river, distance_to_school, distance_to_shopping_centers, district, edit_date, id, is_active, is_connected_to_media, is_elevator_available, is_garage_available, is_parking_available, is_primary_market, number_of_apartments, photos_url, region, street, time_to_bus_stop_min, time_to_city_center_min) values ('Sierra', null, 'at dolor quis odio consequat varius integer ac leo pellentesque ultrices mattis odio donec vitae nisi nam ultrices libero non mattis pulvinar nulla pede', 71, '2010-12-06', 5, 'Akron', '2015-01-15', 3, 'in', 515, 222, 1978, 903, 1328, 'tempus sit', null, 12, true, true, true, false, false, false, 260, 'https://canalblog.com', 'Delta X-ray', 'Park Meadow', 39, 96);
insert into building (building_construction_type, building_details, building_location_details, building_number, building_realization_term, building_section, city, creation_date, developer_id, developer_name, distance_to_kindergarten, distance_to_park, distance_to_river, distance_to_school, distance_to_shopping_centers, district, edit_date, id, is_active, is_connected_to_media, is_elevator_available, is_garage_available, is_parking_available, is_primary_market, number_of_apartments, photos_url, region, street, time_to_bus_stop_min, time_to_city_center_min) values ('Uniform', null, 'justo lacinia eget tincidunt eget tempus vel pede morbi porttitor lorem id ligula', 46, '2004-04-16', 8, 'Vällingby', '2012-01-13', 5, 'non', 497, 428, 2121, 181, 1792, 'convallis morbi', null, 13, false, false, false, false, false, true, 888, 'http://google.co.jp', 'Hotel Papa', 'Northport', 42, 55);
insert into building (building_construction_type, building_details, building_location_details, building_number, building_realization_term, building_section, city, creation_date, developer_id, developer_name, distance_to_kindergarten, distance_to_park, distance_to_river, distance_to_school, distance_to_shopping_centers, district, edit_date, id, is_active, is_connected_to_media, is_elevator_available, is_garage_available, is_parking_available, is_primary_market, number_of_apartments, photos_url, region, street, time_to_bus_stop_min, time_to_city_center_min) values ('Kilo', null, null, 30, '1984-11-27', null, 'Limassol', '2015-06-30', 3, 'ipsum', 264, 65, 2014, 2569, 2246, 'imperdiet nullam', null, 14, false, true, true, false, true, false, 687, 'https://seattletimes.com', 'Quebec', 'Farmco', 29, 63);
insert into building (building_construction_type, building_details, building_location_details, building_number, building_realization_term, building_section, city, creation_date, developer_id, developer_name, distance_to_kindergarten, distance_to_park, distance_to_river, distance_to_school, distance_to_shopping_centers, district, edit_date, id, is_active, is_connected_to_media, is_elevator_available, is_garage_available, is_parking_available, is_primary_market, number_of_apartments, photos_url, region, street, time_to_bus_stop_min, time_to_city_center_min) values ('Tango', null, 'aliquet massa id lobortis convallis tortor risus dapibus', 46, '2010-12-16', 9, 'Suya', '2019-05-04', 3, 'metus aenean', 1452, 1911, 887, 2086, 1178, 'nisl duis', null, 15, true, true, false, false, false, false, 198, 'http://vinaora.com', 'Victor', 'Kedzie', 14, 44);
insert into building (building_construction_type, building_details, building_location_details, building_number, building_realization_term, building_section, city, creation_date, developer_id, developer_name, distance_to_kindergarten, distance_to_park, distance_to_river, distance_to_school, distance_to_shopping_centers, district, edit_date, id, is_active, is_connected_to_media, is_elevator_available, is_garage_available, is_parking_available, is_primary_market, number_of_apartments, photos_url, region, street, time_to_bus_stop_min, time_to_city_center_min) values ('Alfa', null, 'semper interdum mauris ullamcorper purus sit amet nulla quisque arcu', 63, '1993-03-06', 5, 'San Antonio', '2017-12-04', 4, 'venenatis', 2498, 2108, 646, 1043, 2105, 'in', null, 16, false, true, true, false, false, false, 167, 'https://jugem.jp', 'Mike', 'Express', 45, 39);
insert into building (building_construction_type, building_details, building_location_details, building_number, building_realization_term, building_section, city, creation_date, developer_id, developer_name, distance_to_kindergarten, distance_to_park, distance_to_river, distance_to_school, distance_to_shopping_centers, district, edit_date, id, is_active, is_connected_to_media, is_elevator_available, is_garage_available, is_parking_available, is_primary_market, number_of_apartments, photos_url, region, street, time_to_bus_stop_min, time_to_city_center_min) values ('Uniform', null, null, 14, '1999-01-13', null, 'Huaqiao', '2019-03-06', 3, 'felis', 1470, 1504, 1968, 2402, 2125, 'non', null, 17, true, false, true, false, false, true, 885, 'https://live.com', 'Golf', 'Maryland', 51, 55);
insert into building (building_construction_type, building_details, building_location_details, building_number, building_realization_term, building_section, city, creation_date, developer_id, developer_name, distance_to_kindergarten, distance_to_park, distance_to_river, distance_to_school, distance_to_shopping_centers, district, edit_date, id, is_active, is_connected_to_media, is_elevator_available, is_garage_available, is_parking_available, is_primary_market, number_of_apartments, photos_url, region, street, time_to_bus_stop_min, time_to_city_center_min) values ('Victor', null, null, 66, '2012-06-09', null, 'Lindesberg', '2020-07-19', 4, 'quam', 644, 1254, 959, 2321, 1048, 'diam', null, 18, true, true, true, true, true, false, 619, 'http://i2i.jp', 'Uniform Delta', 'Becker', 8, 69);
insert into building (building_construction_type, building_details, building_location_details, building_number, building_realization_term, building_section, city, creation_date, developer_id, developer_name, distance_to_kindergarten, distance_to_park, distance_to_river, distance_to_school, distance_to_shopping_centers, district, edit_date, id, is_active, is_connected_to_media, is_elevator_available, is_garage_available, is_parking_available, is_primary_market, number_of_apartments, photos_url, region, street, time_to_bus_stop_min, time_to_city_center_min) values ('Echo', 'quis orci nullam molestie nibh in lectus pellentesque at nulla suspendisse potenti cras', null, 4, '1989-05-14', null, 'Yasnyy', '2013-01-12', 2, 'ornare', 2451, 1520, 1715, 2824, 2963, 'mattis pulvinar', null, 19, true, true, false, false, false, true, 862, 'http://nymag.com', 'Delta X-ray', 'Lighthouse Bay', 51, 65);
insert into building (building_construction_type, building_details, building_location_details, building_number, building_realization_term, building_section, city, creation_date, developer_id, developer_name, distance_to_kindergarten, distance_to_park, distance_to_river, distance_to_school, distance_to_shopping_centers, district, edit_date, id, is_active, is_connected_to_media, is_elevator_available, is_garage_available, is_parking_available, is_primary_market, number_of_apartments, photos_url, region, street, time_to_bus_stop_min, time_to_city_center_min) values ('November', null, null, 16, '1982-07-17', null, 'Manganitu', '2016-02-07', 2, 'vel', 2827, 1854, 1022, 2075, 51, 'habitasse', null, 20, false, true, true, true, false, false, 86, 'https://bigcartel.com', 'Delta Whiskey', 'Cambridge', 17, 94);
insert into building (building_construction_type, building_details, building_location_details, building_number, building_realization_term, building_section, city, creation_date, developer_id, developer_name, distance_to_kindergarten, distance_to_park, distance_to_river, distance_to_school, distance_to_shopping_centers, district, edit_date, id, is_active, is_connected_to_media, is_elevator_available, is_garage_available, is_parking_available, is_primary_market, number_of_apartments, photos_url, region, street, time_to_bus_stop_min, time_to_city_center_min) values ('Tango', 'adipiscing elit proin interdum mauris non ligula pellentesque ultrices phasellus id sapien in sapien', 'nunc vestibulum ante ipsum primis in faucibus orci luctus et ultrices posuere cubilia curae mauris viverra diam vitae quam suspendisse', 57, '2008-01-28', 9, 'Butere', '2013-01-09', 5, 'sed', 1268, 2121, 2563, 1772, 317, 'pellentesque', '2020-01-06', 21, false, false, false, true, true, false, 316, 'https://wsj.com', 'Echo Golf', 'Schmedeman', 53, 25);
insert into building (building_construction_type, building_details, building_location_details, building_number, building_realization_term, building_section, city, creation_date, developer_id, developer_name, distance_to_kindergarten, distance_to_park, distance_to_river, distance_to_school, distance_to_shopping_centers, district, edit_date, id, is_active, is_connected_to_media, is_elevator_available, is_garage_available, is_parking_available, is_primary_market, number_of_apartments, photos_url, region, street, time_to_bus_stop_min, time_to_city_center_min) values ('X-ray', null, 'diam erat fermentum justo nec condimentum neque sapien placerat ante nulla justo aliquam quis turpis eget elit', 16, '1991-07-20', 5, 'Banbalah', '2016-07-12', 6, 'natoque penatibus', 2089, 1965, 907, 1054, 1097, 'amet', '2019-02-24', 22, true, true, true, true, true, false, 586, 'http://php.net', 'Charlie', 'Merrick', 33, 87);
insert into building (building_construction_type, building_details, building_location_details, building_number, building_realization_term, building_section, city, creation_date, developer_id, developer_name, distance_to_kindergarten, distance_to_park, distance_to_river, distance_to_school, distance_to_shopping_centers, district, edit_date, id, is_active, is_connected_to_media, is_elevator_available, is_garage_available, is_parking_available, is_primary_market, number_of_apartments, photos_url, region, street, time_to_bus_stop_min, time_to_city_center_min) values ('Papa', 'adipiscing elit proin interdum mauris non ligula pellentesque ultrices phasellus id sapien in sapien', 'donec quis orci eget orci vehicula condimentum curabitur in libero ut massa volutpat convallis morbi odio odio', 77, '2014-03-19', 8, 'Cardal', '2011-08-18', 6, 'risus', 2852, 137, 2746, 78, 668, 'pede ac', null, 23, false, false, true, false, true, false, 629, 'http://last.fm', 'Sierra', 'Anniversary', 21, 2);
insert into building (building_construction_type, building_details, building_location_details, building_number, building_realization_term, building_section, city, creation_date, developer_id, developer_name, distance_to_kindergarten, distance_to_park, distance_to_river, distance_to_school, distance_to_shopping_centers, district, edit_date, id, is_active, is_connected_to_media, is_elevator_available, is_garage_available, is_parking_available, is_primary_market, number_of_apartments, photos_url, region, street, time_to_bus_stop_min, time_to_city_center_min) values ('Echo', null, null, 41, '1995-07-17', null, 'Sandia', '2018-03-26', 7, 'in faucibus', 2985, 2874, 2612, 199, 2317, 'hac', null, 24, true, false, true, true, true, false, 564, 'https://over-blog.com', 'Uniform Whiskey', 'Kingsford', 19, 20);
insert into building (building_construction_type, building_details, building_location_details, building_number, building_realization_term, building_section, city, creation_date, developer_id, developer_name, distance_to_kindergarten, distance_to_park, distance_to_river, distance_to_school, distance_to_shopping_centers, district, edit_date, id, is_active, is_connected_to_media, is_elevator_available, is_garage_available, is_parking_available, is_primary_market, number_of_apartments, photos_url, region, street, time_to_bus_stop_min, time_to_city_center_min) values ('Alfa', 'erat eros viverra eget congue eget semper rutrum nulla nunc purus phasellus in felis donec semper sapien a libero nam', 'odio cras mi pede malesuada in imperdiet et commodo vulputate justo in blandit ultrices enim lorem ipsum dolor sit', 20, '2013-03-14', 10, 'Bharatpur', '2018-06-27', 7, 'sapien non', 1496, 251, 1137, 2215, 1502, 'sed lacus', null, 25, false, false, false, false, true, true, 305, 'http://abc.net.au', 'X-ray', 'Mallory', 37, 50);
insert into building (building_construction_type, building_details, building_location_details, building_number, building_realization_term, building_section, city, creation_date, developer_id, developer_name, distance_to_kindergarten, distance_to_park, distance_to_river, distance_to_school, distance_to_shopping_centers, district, edit_date, id, is_active, is_connected_to_media, is_elevator_available, is_garage_available, is_parking_available, is_primary_market, number_of_apartments, photos_url, region, street, time_to_bus_stop_min, time_to_city_center_min) values ('Bravo', 'porttitor id consequat in consequat ut nulla sed accumsan felis ut at dolor quis odio consequat varius integer ac leo pellentesque ultrices mattis odio donec vitae nisi nam', null, 83, '1998-09-05', null, 'Xiping', '2020-11-01', 6, 'amet', 1209, 1902, 260, 973, 1461, 'iaculis', null, 26, true, false, true, true, false, false, 547, 'http://facebook.com', 'Foxtrot Papa', 'Annamark', 31, 85);
insert into building (building_construction_type, building_details, building_location_details, building_number, building_realization_term, building_section, city, creation_date, developer_id, developer_name, distance_to_kindergarten, distance_to_park, distance_to_river, distance_to_school, distance_to_shopping_centers, district, edit_date, id, is_active, is_connected_to_media, is_elevator_available, is_garage_available, is_parking_available, is_primary_market, number_of_apartments, photos_url, region, street, time_to_bus_stop_min, time_to_city_center_min) values ('Juliett', null, 'ultrices vel augue vestibulum ante ipsum primis in faucibus', 8, '2020-03-24', 6, 'Shalamzār', '2020-10-11', 6, 'adipiscing', 544, 2801, 2715, 2274, 173, 'vivamus metus', null, 27, true, false, true, false, true, true, 681, 'http://flickr.com', 'India', 'Kropf', 19, 14);
insert into building (building_construction_type, building_details, building_location_details, building_number, building_realization_term, building_section, city, creation_date, developer_id, developer_name, distance_to_kindergarten, distance_to_park, distance_to_river, distance_to_school, distance_to_shopping_centers, district, edit_date, id, is_active, is_connected_to_media, is_elevator_available, is_garage_available, is_parking_available, is_primary_market, number_of_apartments, photos_url, region, street, time_to_bus_stop_min, time_to_city_center_min) values ('Kilo', 'interdum mauris non ligula pellentesque ultrices phasellus id sapien in sapien iaculis congue vivamus metus arcu adipiscing molestie hendrerit at', null, 13, '2010-08-30', null, 'Alderetes', '2017-02-27', 5, 'tellus nulla', 739, 1745, 2234, 286, 1116, 'interdum eu', null, 28, false, true, true, true, false, false, 886, 'https://hostgator.com', 'Oscar X-ray', '2nd', 24, 39);
insert into building (building_construction_type, building_details, building_location_details, building_number, building_realization_term, building_section, city, creation_date, developer_id, developer_name, distance_to_kindergarten, distance_to_park, distance_to_river, distance_to_school, distance_to_shopping_centers, district, edit_date, id, is_active, is_connected_to_media, is_elevator_available, is_garage_available, is_parking_available, is_primary_market, number_of_apartments, photos_url, region, street, time_to_bus_stop_min, time_to_city_center_min) values ('Uniform', null, null, 16, '1988-06-27', null, 'Skuodas', '2014-01-25', 1, 'pulvinar', 496, 1928, 103, 2764, 2779, 'commodo', null, 29, true, false, true, false, false, false, 110, 'http://thetimes.co.uk', 'Juliett Quebec', 'Barnett', 59, 85);
insert into building (building_construction_type, building_details, building_location_details, building_number, building_realization_term, building_section, city, creation_date, developer_id, developer_name, distance_to_kindergarten, distance_to_park, distance_to_river, distance_to_school, distance_to_shopping_centers, district, edit_date, id, is_active, is_connected_to_media, is_elevator_available, is_garage_available, is_parking_available, is_primary_market, number_of_apartments, photos_url, region, street, time_to_bus_stop_min, time_to_city_center_min) values ('Romeo', null, null, 72, '2001-04-06', null, 'Letpandan', '2018-05-06', 6, 'a', 1447, 1311, 934, 568, 949, 'sem', null, 30, true, false, true, false, false, false, 350, 'http://godaddy.com', 'Alfa Zulu', 'Park Meadow', 49, 62);
insert into building (building_construction_type, building_details, building_location_details, building_number, building_realization_term, building_section, city, creation_date, developer_id, developer_name, distance_to_kindergarten, distance_to_park, distance_to_river, distance_to_school, distance_to_shopping_centers, district, edit_date, id, is_active, is_connected_to_media, is_elevator_available, is_garage_available, is_parking_available, is_primary_market, number_of_apartments, photos_url, region, street, time_to_bus_stop_min, time_to_city_center_min) values ('Bravo', 'fusce lacus purus aliquet at feugiat non pretium quis lectus suspendisse potenti in eleifend quam a odio in hac habitasse platea dictumst maecenas ut massa quis augue luctus tincidunt', null, 8, '2017-09-06', null, 'Maythalūn', '2019-07-21', 2, 'eget', 2547, 1281, 871, 273, 1005, 'felis', null, 31, true, false, false, true, false, true, 56, 'https://ifeng.com', 'Quebec', 'Anderson', 6, 66);
insert into building (building_construction_type, building_details, building_location_details, building_number, building_realization_term, building_section, city, creation_date, developer_id, developer_name, distance_to_kindergarten, distance_to_park, distance_to_river, distance_to_school, distance_to_shopping_centers, district, edit_date, id, is_active, is_connected_to_media, is_elevator_available, is_garage_available, is_parking_available, is_primary_market, number_of_apartments, photos_url, region, street, time_to_bus_stop_min, time_to_city_center_min) values ('Foxtrot', null, null, 86, '1989-05-19', null, 'Igbo Ora', '2016-11-23', 7, 'tellus nulla', 808, 800, 339, 1097, 1808, 'venenatis turpis', null, 32, true, true, false, true, true, true, 529, 'http://fastcompany.com', 'X-ray', 'Drewry', 48, 49);
insert into building (building_construction_type, building_details, building_location_details, building_number, building_realization_term, building_section, city, creation_date, developer_id, developer_name, distance_to_kindergarten, distance_to_park, distance_to_river, distance_to_school, distance_to_shopping_centers, district, edit_date, id, is_active, is_connected_to_media, is_elevator_available, is_garage_available, is_parking_available, is_primary_market, number_of_apartments, photos_url, region, street, time_to_bus_stop_min, time_to_city_center_min) values ('Golf', null, 'tortor sollicitudin mi sit amet', 20, '1994-09-10', 8, 'Dadeldhurā', '2019-07-29', 3, 'vestibulum ante', 1293, 720, 541, 203, 2661, 'vel ipsum', null, 33, false, false, false, true, true, true, 750, 'http://clickbank.net', 'Yankee Sierra', 'Huxley', 24, 49);
insert into building (building_construction_type, building_details, building_location_details, building_number, building_realization_term, building_section, city, creation_date, developer_id, developer_name, distance_to_kindergarten, distance_to_park, distance_to_river, distance_to_school, distance_to_shopping_centers, district, edit_date, id, is_active, is_connected_to_media, is_elevator_available, is_garage_available, is_parking_available, is_primary_market, number_of_apartments, photos_url, region, street, time_to_bus_stop_min, time_to_city_center_min) values ('Hotel', null, 'sapien varius ut blandit non interdum in ante vestibulum ante ipsum primis in faucibus orci luctus et ultrices posuere cubilia curae duis faucibus', 91, '2001-07-12', 3, 'Uyutne', '2020-01-07', 1, 'augue vel', 2942, 577, 1970, 1184, 566, 'cras', null, 34, false, false, false, true, false, true, 331, 'http://yolasite.com', 'Whiskey Echo', 'Northview', 28, 7);
insert into building (building_construction_type, building_details, building_location_details, building_number, building_realization_term, building_section, city, creation_date, developer_id, developer_name, distance_to_kindergarten, distance_to_park, distance_to_river, distance_to_school, distance_to_shopping_centers, district, edit_date, id, is_active, is_connected_to_media, is_elevator_available, is_garage_available, is_parking_available, is_primary_market, number_of_apartments, photos_url, region, street, time_to_bus_stop_min, time_to_city_center_min) values ('Hotel', 'non interdum in ante vestibulum ante ipsum primis in faucibus orci luctus et ultrices posuere cubilia curae duis faucibus accumsan odio curabitur convallis duis', null, 11, '2009-06-04', null, 'Meixi', '2018-03-01', 3, 'elit', 1132, 2428, 1920, 1981, 2917, 'justo sit', null, 35, false, false, true, true, false, false, 974, 'http://nih.gov', 'Quebec', 'Carioca', 32, 4);
insert into building (building_construction_type, building_details, building_location_details, building_number, building_realization_term, building_section, city, creation_date, developer_id, developer_name, distance_to_kindergarten, distance_to_park, distance_to_river, distance_to_school, distance_to_shopping_centers, district, edit_date, id, is_active, is_connected_to_media, is_elevator_available, is_garage_available, is_parking_available, is_primary_market, number_of_apartments, photos_url, region, street, time_to_bus_stop_min, time_to_city_center_min) values ('Bravo', 'sed augue aliquam erat volutpat in congue etiam justo etiam pretium iaculis justo in hac habitasse platea dictumst', 'duis at velit eu est congue elementum in hac habitasse platea dictumst', 45, '2014-09-09', 10, 'Dikwa', '2017-08-24', 3, 'augue', 1527, 474, 742, 1427, 2593, 'eu', null, 36, true, false, false, true, true, true, 268, 'https://nsw.gov.au', 'Romeo Lima', 'Debs', 9, 8);
insert into building (building_construction_type, building_details, building_location_details, building_number, building_realization_term, building_section, city, creation_date, developer_id, developer_name, distance_to_kindergarten, distance_to_park, distance_to_river, distance_to_school, distance_to_shopping_centers, district, edit_date, id, is_active, is_connected_to_media, is_elevator_available, is_garage_available, is_parking_available, is_primary_market, number_of_apartments, photos_url, region, street, time_to_bus_stop_min, time_to_city_center_min) values ('Oscar', 'vitae ipsum aliquam non mauris morbi non lectus aliquam sit amet diam in magna bibendum', null, 60, '1995-06-27', null, 'Praia da Vagueira', '2017-06-30', 2, 'vestibulum', 2447, 869, 2406, 2772, 2302, 'semper porta', null, 37, true, false, false, false, false, false, 462, 'https://hatena.ne.jp', 'Alfa', 'Crest Line', 19, 99);
insert into building (building_construction_type, building_details, building_location_details, building_number, building_realization_term, building_section, city, creation_date, developer_id, developer_name, distance_to_kindergarten, distance_to_park, distance_to_river, distance_to_school, distance_to_shopping_centers, district, edit_date, id, is_active, is_connected_to_media, is_elevator_available, is_garage_available, is_parking_available, is_primary_market, number_of_apartments, photos_url, region, street, time_to_bus_stop_min, time_to_city_center_min) values ('Zulu', null, null, 20, '1999-12-23', null, 'Kōnan', '2020-07-06', 5, 'suspendisse ornare', 1755, 1651, 1130, 407, 2054, 'vel', null, 38, false, true, false, true, false, true, 86, 'http://eventbrite.com', 'Alfa Juliett', 'Hoffman', 58, 25);
insert into building (building_construction_type, building_details, building_location_details, building_number, building_realization_term, building_section, city, creation_date, developer_id, developer_name, distance_to_kindergarten, distance_to_park, distance_to_river, distance_to_school, distance_to_shopping_centers, district, edit_date, id, is_active, is_connected_to_media, is_elevator_available, is_garage_available, is_parking_available, is_primary_market, number_of_apartments, photos_url, region, street, time_to_bus_stop_min, time_to_city_center_min) values ('X-ray', 'vestibulum sagittis sapien cum sociis natoque penatibus et magnis', null, 5, '1988-09-05', null, 'Guashe', '2018-07-18', 6, 'leo', 2924, 2351, 2857, 1286, 805, 'tempor turpis', null, 39, true, true, false, true, false, false, 131, 'http://tamu.edu', 'Yankee', 'Gateway', 4, 29);
insert into building (building_construction_type, building_details, building_location_details, building_number, building_realization_term, building_section, city, creation_date, developer_id, developer_name, distance_to_kindergarten, distance_to_park, distance_to_river, distance_to_school, distance_to_shopping_centers, district, edit_date, id, is_active, is_connected_to_media, is_elevator_available, is_garage_available, is_parking_available, is_primary_market, number_of_apartments, photos_url, region, street, time_to_bus_stop_min, time_to_city_center_min) values ('Alfa', null, null, 24, '2017-05-05', null, 'Alpūrai', '2013-07-22', 1, 'morbi', 787, 2610, 2556, 1951, 946, 'primis', null, 40, false, true, false, true, false, true, 951, 'https://instagram.com', 'Charlie X-ray', 'Columbus', 42, 44);

-- apartments

insert into apartment (active, area, building_id, comment, creation_date, exclusivity, floor, id, market_type, on_corner, photos_url, price, price_per_square_meter, rooms_number, status, storage_room, type_of_kitchen, view, windows_direction) values (false, 1696, 16, 'blandit nam nulla integer pede justo lacinia eget tincidunt eget tempus vel pede morbi porttitor lorem id ligula suspendisse ornare', '2014-05-18', true, 26, 1, 'vitae mattis nibh', false, 'http://cafepress.com', 968569, 10868, 18, 'posuere', true, 'tincidunt', 'in', 'Thoughtmix');
insert into apartment (active, area, building_id, comment, creation_date, exclusivity, floor, id, market_type, on_corner, photos_url, price, price_per_square_meter, rooms_number, status, storage_room, type_of_kitchen, view, windows_direction) values (false, 2266, 16, null, '2015-06-11', true, 36, 2, 'dictumst', false, 'http://macromedia.com', 386777, 19009, 2, 'est', true, 'quis', 'vulputate', 'Oyoloo');
insert into apartment (active, area, building_id, comment, creation_date, exclusivity, floor, id, market_type, on_corner, photos_url, price, price_per_square_meter, rooms_number, status, storage_room, type_of_kitchen, view, windows_direction) values (false, 2199, 24, null, '2020-04-08', true, 2, 3, 'vel augue', true, 'https://apple.com', 32377, 19787, 14, 'mi', true, 'porttitor', 'porttitor', 'Linkbridge');
insert into apartment (active, area, building_id, comment, creation_date, exclusivity, floor, id, market_type, on_corner, photos_url, price, price_per_square_meter, rooms_number, status, storage_room, type_of_kitchen, view, windows_direction) values (false, 203, 30, 'nunc purus phasellus in felis donec semper sapien a libero nam dui proin leo odio porttitor id consequat in consequat', '2005-03-29', false, 11, 4, 'a', true, 'https://simplemachines.org', 108069, 11079, 18, 'erat', true, 'lobortis', 'primis', 'Browseblab');
insert into apartment (active, area, building_id, comment, creation_date, exclusivity, floor, id, market_type, on_corner, photos_url, price, price_per_square_meter, rooms_number, status, storage_room, type_of_kitchen, view, windows_direction) values (true, 3239, 7, null, '2006-10-03', false, 43, 5, 'dolor sit', false, 'http://netscape.com', 914932, 20978, 18, 'in', true, 'lorem', 'at', 'Youspan');
insert into apartment (active, area, building_id, comment, creation_date, exclusivity, floor, id, market_type, on_corner, photos_url, price, price_per_square_meter, rooms_number, status, storage_room, type_of_kitchen, view, windows_direction) values (false, 2843, 24, null, '2015-01-06', false, 11, 6, 'fusce congue', true, 'http://reuters.com', 175836, 7432, 3, 'id', false, 'enim', 'tortor', 'Vinder');
insert into apartment (active, area, building_id, comment, creation_date, exclusivity, floor, id, market_type, on_corner, photos_url, price, price_per_square_meter, rooms_number, status, storage_room, type_of_kitchen, view, windows_direction) values (true, 3920, 24, null, '2006-01-11', false, 30, 7, 'platea', false, 'https://yellowbook.com', 874215, 27416, 2, 'interdum', false, 'sapien', 'nisi', 'Yambee');
insert into apartment (active, area, building_id, comment, creation_date, exclusivity, floor, id, market_type, on_corner, photos_url, price, price_per_square_meter, rooms_number, status, storage_room, type_of_kitchen, view, windows_direction) values (false, 1954, 15, null, '2015-07-28', false, 45, 8, 'vestibulum sit amet', true, 'http://typepad.com', 865587, 6884, 12, 'vitae', false, 'in', 'morbi', 'Meevee');
insert into apartment (active, area, building_id, comment, creation_date, exclusivity, floor, id, market_type, on_corner, photos_url, price, price_per_square_meter, rooms_number, status, storage_room, type_of_kitchen, view, windows_direction) values (true, 3336, 33, null, '2013-01-04', false, 4, 9, 'cras pellentesque volutpat', false, 'http://bing.com', 897445, 24006, 9, 'eu', true, 'nulla', 'non', 'Wordpedia');
insert into apartment (active, area, building_id, comment, creation_date, exclusivity, floor, id, market_type, on_corner, photos_url, price, price_per_square_meter, rooms_number, status, storage_room, type_of_kitchen, view, windows_direction) values (true, 1401, 18, null, '2011-06-13', true, 37, 10, 'placerat praesent blandit', true, 'http://so-net.ne.jp', 544223, 15865, 5, 'nec', true, 'sit', 'aliquet', 'LiveZ');
insert into apartment (active, area, building_id, comment, creation_date, exclusivity, floor, id, market_type, on_corner, photos_url, price, price_per_square_meter, rooms_number, status, storage_room, type_of_kitchen, view, windows_direction) values (false, 3179, 14, 'in libero ut massa volutpat convallis morbi odio odio elementum eu interdum eu tincidunt in leo maecenas pulvinar lobortis', '2015-10-14', false, 28, 11, 'amet', false, 'https://oakley.com', 463428, 22044, 18, 'congue', false, 'lobortis', 'curabitur', 'Babbleblab');
insert into apartment (active, area, building_id, comment, creation_date, exclusivity, floor, id, market_type, on_corner, photos_url, price, price_per_square_meter, rooms_number, status, storage_room, type_of_kitchen, view, windows_direction) values (true, 2767, 35, 'duis bibendum morbi non quam nec dui luctus rutrum', '2012-04-03', false, 31, 12, 'suspendisse', true, 'http://gravatar.com', 788659, 23849, 3, 'pellentesque', true, 'eu', 'at', 'Voolia');
insert into apartment (active, area, building_id, comment, creation_date, exclusivity, floor, id, market_type, on_corner, photos_url, price, price_per_square_meter, rooms_number, status, storage_room, type_of_kitchen, view, windows_direction) values (false, 1049, 26, 'malesuada in imperdiet', '2001-11-08', false, 25, 13, 'lorem id', false, 'http://timesonline.co.uk', 612812, 20130, 4, 'luctus', false, 'lacus', 'rhoncus', 'Roomm');
insert into apartment (active, area, building_id, comment, creation_date, exclusivity, floor, id, market_type, on_corner, photos_url, price, price_per_square_meter, rooms_number, status, storage_room, type_of_kitchen, view, windows_direction) values (false, 1664, 32, null, '2019-06-08', false, 26, 14, 'leo odio porttitor', true, 'http://google.com.au', 790661, 11792, 15, 'leo', true, 'nec', 'adipiscing', 'Youbridge');
insert into apartment (active, area, building_id, comment, creation_date, exclusivity, floor, id, market_type, on_corner, photos_url, price, price_per_square_meter, rooms_number, status, storage_room, type_of_kitchen, view, windows_direction) values (false, 3879, 18, null, '2005-03-16', true, 4, 15, 'nisi nam ultrices', false, 'http://yellowbook.com', 51133, 7573, 12, 'donec', true, 'sed', 'lorem', 'Yambee');
insert into apartment (active, area, building_id, comment, creation_date, exclusivity, floor, id, market_type, on_corner, photos_url, price, price_per_square_meter, rooms_number, status, storage_room, type_of_kitchen, view, windows_direction) values (false, 1831, 3, null, '2008-09-09', true, 7, 16, 'tincidunt', false, 'http://de.vu', 844896, 24161, 10, 'adipiscing', false, 'dui', 'sit', 'Rhynyx');
insert into apartment (active, area, building_id, comment, creation_date, exclusivity, floor, id, market_type, on_corner, photos_url, price, price_per_square_meter, rooms_number, status, storage_room, type_of_kitchen, view, windows_direction) values (false, 792, 34, null, '2010-09-24', false, 41, 17, 'duis aliquam convallis', false, 'http://un.org', 231018, 16247, 3, 'semper', false, 'ultrices', 'ut', 'Tagcat');
insert into apartment (active, area, building_id, comment, creation_date, exclusivity, floor, id, market_type, on_corner, photos_url, price, price_per_square_meter, rooms_number, status, storage_room, type_of_kitchen, view, windows_direction) values (false, 1618, 12, null, '2005-10-30', false, 12, 18, 'convallis eget eleifend', true, 'https://cam.ac.uk', 168064, 25275, 9, 'at', false, 'turpis', 'fringilla', 'Skipfire');
insert into apartment (active, area, building_id, comment, creation_date, exclusivity, floor, id, market_type, on_corner, photos_url, price, price_per_square_meter, rooms_number, status, storage_room, type_of_kitchen, view, windows_direction) values (true, 3779, 9, null, '2003-05-20', false, 46, 19, 'non', true, 'https://ning.com', 84101, 10886, 15, 'libero', true, 'amet', 'donec', 'Vimbo');
insert into apartment (active, area, building_id, comment, creation_date, exclusivity, floor, id, market_type, on_corner, photos_url, price, price_per_square_meter, rooms_number, status, storage_room, type_of_kitchen, view, windows_direction) values (true, 748, 36, 'velit id pretium iaculis diam erat fermentum justo', '2006-04-21', true, 32, 20, 'gravida', false, 'https://mac.com', 827983, 13610, 3, 'ut', false, 'at', 'volutpat', 'Eabox');
insert into apartment (active, area, building_id, comment, creation_date, exclusivity, floor, id, market_type, on_corner, photos_url, price, price_per_square_meter, rooms_number, status, storage_room, type_of_kitchen, view, windows_direction) values (false, 2065, 3, null, '2001-07-19', true, 18, 21, 'quis orci eget', true, 'https://ftc.gov', 190174, 23730, 18, 'platea', true, 'sit', 'praesent', 'Gabcube');
insert into apartment (active, area, building_id, comment, creation_date, exclusivity, floor, id, market_type, on_corner, photos_url, price, price_per_square_meter, rooms_number, status, storage_room, type_of_kitchen, view, windows_direction) values (false, 316, 6, null, '2015-02-23', false, 33, 22, 'id', false, 'https://gmpg.org', 176164, 6171, 12, 'lectus', true, 'augue', 'at', 'Blognation');
insert into apartment (active, area, building_id, comment, creation_date, exclusivity, floor, id, market_type, on_corner, photos_url, price, price_per_square_meter, rooms_number, status, storage_room, type_of_kitchen, view, windows_direction) values (false, 784, 40, 'vestibulum proin eu mi nulla ac enim in tempor turpis nec euismod scelerisque quam turpis adipiscing lorem vitae mattis nibh', '2020-06-16', true, 23, 23, 'nulla nisl nunc', true, 'https://goo.ne.jp', 237065, 14680, 15, 'semper', false, 'ac', 'sapien', 'Tagchat');
insert into apartment (active, area, building_id, comment, creation_date, exclusivity, floor, id, market_type, on_corner, photos_url, price, price_per_square_meter, rooms_number, status, storage_room, type_of_kitchen, view, windows_direction) values (false, 1520, 19, null, '2012-02-21', true, 25, 24, 'quis odio consequat', false, 'https://dyndns.org', 122557, 25366, 6, 'ac', true, 'sed', 'tortor', 'Katz');
insert into apartment (active, area, building_id, comment, creation_date, exclusivity, floor, id, market_type, on_corner, photos_url, price, price_per_square_meter, rooms_number, status, storage_room, type_of_kitchen, view, windows_direction) values (true, 3245, 15, 'at vulputate vitae nisl aenean lectus pellentesque eget nunc donec quis orci eget', '2007-12-12', true, 13, 25, 'duis faucibus', true, 'http://clickbank.net', 401997, 21881, 13, 'sit', false, 'porttitor', 'nisi', 'Skiba');
insert into apartment (active, area, building_id, comment, creation_date, exclusivity, floor, id, market_type, on_corner, photos_url, price, price_per_square_meter, rooms_number, status, storage_room, type_of_kitchen, view, windows_direction) values (true, 3048, 16, 'pellentesque quisque porta volutpat erat quisque erat eros viverra', '2003-05-06', true, 24, 26, 'imperdiet nullam orci', false, 'https://sourceforge.net', 754790, 29866, 4, 'nec', false, 'tincidunt', 'in', 'Blogtag');
insert into apartment (active, area, building_id, comment, creation_date, exclusivity, floor, id, market_type, on_corner, photos_url, price, price_per_square_meter, rooms_number, status, storage_room, type_of_kitchen, view, windows_direction) values (false, 2667, 11, null, '2013-06-30', true, 18, 27, 'amet', false, 'https://comcast.net', 171841, 23254, 8, 'pede', true, 'pellentesque', 'in', 'Gabcube');
insert into apartment (active, area, building_id, comment, creation_date, exclusivity, floor, id, market_type, on_corner, photos_url, price, price_per_square_meter, rooms_number, status, storage_room, type_of_kitchen, view, windows_direction) values (false, 70, 17, 'nascetur ridiculus mus', '2006-04-11', false, 13, 28, 'sapien arcu sed', false, 'https://cargocollective.com', 890741, 12547, 7, 'augue', true, 'luctus', 'ante', 'Livetube');
insert into apartment (active, area, building_id, comment, creation_date, exclusivity, floor, id, market_type, on_corner, photos_url, price, price_per_square_meter, rooms_number, status, storage_room, type_of_kitchen, view, windows_direction) values (false, 2353, 14, null, '2008-09-10', false, 4, 29, 'odio elementum', false, 'http://smh.com.au', 796232, 21604, 18, 'libero', true, 'sollicitudin', 'interdum', 'Meezzy');
insert into apartment (active, area, building_id, comment, creation_date, exclusivity, floor, id, market_type, on_corner, photos_url, price, price_per_square_meter, rooms_number, status, storage_room, type_of_kitchen, view, windows_direction) values (true, 66, 11, null, '2009-06-01', true, 32, 30, 'maecenas tincidunt lacus', false, 'https://amazon.de', 937789, 26955, 10, 'montes', true, 'potenti', 'in', 'Eabox');
insert into apartment (active, area, building_id, comment, creation_date, exclusivity, floor, id, market_type, on_corner, photos_url, price, price_per_square_meter, rooms_number, status, storage_room, type_of_kitchen, view, windows_direction) values (true, 3451, 11, null, '2004-09-26', true, 36, 31, 'curae', true, 'http://photobucket.com', 248196, 12306, 8, 'cras', true, 'lacinia', 'posuere', 'Browsedrive');
insert into apartment (active, area, building_id, comment, creation_date, exclusivity, floor, id, market_type, on_corner, photos_url, price, price_per_square_meter, rooms_number, status, storage_room, type_of_kitchen, view, windows_direction) values (false, 3484, 39, null, '2002-07-25', true, 43, 32, 'non', false, 'http://feedburner.com', 772366, 20350, 15, 'turpis', false, 'nam', 'cras', 'Mymm');
insert into apartment (active, area, building_id, comment, creation_date, exclusivity, floor, id, market_type, on_corner, photos_url, price, price_per_square_meter, rooms_number, status, storage_room, type_of_kitchen, view, windows_direction) values (false, 817, 11, null, '2008-06-06', true, 18, 33, 'pede venenatis', false, 'http://icq.com', 823445, 12673, 4, 'justo', true, 'tellus', 'sagittis', 'Twimbo');
insert into apartment (active, area, building_id, comment, creation_date, exclusivity, floor, id, market_type, on_corner, photos_url, price, price_per_square_meter, rooms_number, status, storage_room, type_of_kitchen, view, windows_direction) values (true, 2781, 23, 'cum sociis natoque penatibus et magnis dis parturient montes nascetur ridiculus mus', '2010-03-17', false, 28, 34, 'erat', true, 'http://etsy.com', 383266, 24913, 13, 'sed', true, 'natoque', 'ut', 'Lazz');
insert into apartment (active, area, building_id, comment, creation_date, exclusivity, floor, id, market_type, on_corner, photos_url, price, price_per_square_meter, rooms_number, status, storage_room, type_of_kitchen, view, windows_direction) values (false, 349, 24, null, '2016-09-08', true, 14, 35, 'turpis', true, 'https://sakura.ne.jp', 772186, 29110, 14, 'ultrices', true, 'lobortis', 'nulla', 'Ozu');
insert into apartment (active, area, building_id, comment, creation_date, exclusivity, floor, id, market_type, on_corner, photos_url, price, price_per_square_meter, rooms_number, status, storage_room, type_of_kitchen, view, windows_direction) values (false, 3401, 13, 'at vulputate vitae nisl aenean lectus pellentesque eget nunc donec quis orci eget orci vehicula condimentum', '2014-09-01', true, 3, 36, 'tincidunt eget tempus', true, 'https://twitter.com', 368225, 12672, 5, 'tellus', true, 'elementum', 'massa', 'Twinder');
insert into apartment (active, area, building_id, comment, creation_date, exclusivity, floor, id, market_type, on_corner, photos_url, price, price_per_square_meter, rooms_number, status, storage_room, type_of_kitchen, view, windows_direction) values (false, 363, 29, null, '2004-11-01', true, 11, 37, 'consectetuer eget rutrum', false, 'https://telegraph.co.uk', 98793, 11634, 12, 'a', true, 'elit', 'orci', 'Feedspan');
insert into apartment (active, area, building_id, comment, creation_date, exclusivity, floor, id, market_type, on_corner, photos_url, price, price_per_square_meter, rooms_number, status, storage_room, type_of_kitchen, view, windows_direction) values (true, 1382, 24, 'aliquet ultrices erat tortor sollicitudin mi sit amet lobortis sapien sapien non mi integer ac neque duis bibendum', '2008-08-09', false, 18, 38, 'commodo vulputate', true, 'https://parallels.com', 220230, 5368, 6, 'penatibus', true, 'rutrum', 'congue', 'Trudoo');
insert into apartment (active, area, building_id, comment, creation_date, exclusivity, floor, id, market_type, on_corner, photos_url, price, price_per_square_meter, rooms_number, status, storage_room, type_of_kitchen, view, windows_direction) values (false, 1928, 34, null, '2013-12-29', true, 40, 39, 'morbi a', true, 'http://telegraph.co.uk', 59521, 27328, 15, 'cum', true, 'accumsan', 'posuere', 'Gabvine');
insert into apartment (active, area, building_id, comment, creation_date, exclusivity, floor, id, market_type, on_corner, photos_url, price, price_per_square_meter, rooms_number, status, storage_room, type_of_kitchen, view, windows_direction) values (false, 160, 9, null, '2019-08-01', false, 46, 40, 'tortor', false, 'http://dyndns.org', 701208, 14402, 14, 'montes', false, 'tellus', 'luctus', 'Shuffletag');
insert into apartment (active, area, building_id, comment, creation_date, exclusivity, floor, id, market_type, on_corner, photos_url, price, price_per_square_meter, rooms_number, status, storage_room, type_of_kitchen, view, windows_direction) values (false, 200, 12, null, '2009-08-25', false, 35, 41, 'interdum mauris ullamcorper', true, 'http://businesswire.com', 154538, 13074, 7, 'orci', true, 'turpis', 'quisque', 'Eabox');
insert into apartment (active, area, building_id, comment, creation_date, exclusivity, floor, id, market_type, on_corner, photos_url, price, price_per_square_meter, rooms_number, status, storage_room, type_of_kitchen, view, windows_direction) values (true, 1386, 40, null, '2014-01-30', true, 40, 42, 'enim lorem', true, 'http://mlb.com', 442296, 13402, 19, 'suspendisse', false, 'nulla', 'eros', 'Skilith');
insert into apartment (active, area, building_id, comment, creation_date, exclusivity, floor, id, market_type, on_corner, photos_url, price, price_per_square_meter, rooms_number, status, storage_room, type_of_kitchen, view, windows_direction) values (true, 1537, 17, 'tempor turpis nec euismod scelerisque quam turpis adipiscing lorem vitae mattis nibh ligula nec sem duis aliquam', '2016-02-03', true, 10, 43, 'at', true, 'http://themeforest.net', 954164, 21421, 17, 'nisi', false, 'in', 'velit', 'Twimbo');
insert into apartment (active, area, building_id, comment, creation_date, exclusivity, floor, id, market_type, on_corner, photos_url, price, price_per_square_meter, rooms_number, status, storage_room, type_of_kitchen, view, windows_direction) values (true, 1989, 14, null, '2010-03-13', false, 21, 44, 'nibh in', true, 'http://google.com.br', 66285, 23384, 13, 'rutrum', false, 'mattis', 'turpis', 'Izio');
insert into apartment (active, area, building_id, comment, creation_date, exclusivity, floor, id, market_type, on_corner, photos_url, price, price_per_square_meter, rooms_number, status, storage_room, type_of_kitchen, view, windows_direction) values (true, 3674, 10, null, '2009-04-01', false, 49, 45, 'vestibulum ante', false, 'https://walmart.com', 718782, 29796, 20, 'at', false, 'erat', 'nullam', 'Topicstorm');
insert into apartment (active, area, building_id, comment, creation_date, exclusivity, floor, id, market_type, on_corner, photos_url, price, price_per_square_meter, rooms_number, status, storage_room, type_of_kitchen, view, windows_direction) values (true, 3881, 17, null, '2019-06-18', false, 32, 46, 'maecenas pulvinar', true, 'http://ca.gov', 442445, 26558, 8, 'habitasse', false, 'eget', 'molestie', 'Thoughtworks');
insert into apartment (active, area, building_id, comment, creation_date, exclusivity, floor, id, market_type, on_corner, photos_url, price, price_per_square_meter, rooms_number, status, storage_room, type_of_kitchen, view, windows_direction) values (false, 97, 3, null, '2018-07-11', false, 46, 47, 'magna', true, 'http://nature.com', 691202, 19941, 5, 'quam', true, 'erat', 'orci', 'Meemm');
insert into apartment (active, area, building_id, comment, creation_date, exclusivity, floor, id, market_type, on_corner, photos_url, price, price_per_square_meter, rooms_number, status, storage_room, type_of_kitchen, view, windows_direction) values (false, 1097, 8, null, '2008-05-26', false, 22, 48, 'sed ante vivamus', true, 'http://paypal.com', 343817, 21066, 20, 'pellentesque', true, 'magna', 'id', 'Browsedrive');
insert into apartment (active, area, building_id, comment, creation_date, exclusivity, floor, id, market_type, on_corner, photos_url, price, price_per_square_meter, rooms_number, status, storage_room, type_of_kitchen, view, windows_direction) values (true, 1054, 6, null, '2020-04-20', true, 26, 49, 'luctus', true, 'http://patch.com', 180312, 28743, 16, 'cum', true, 'magnis', 'ridiculus', 'Miboo');
insert into apartment (active, area, building_id, comment, creation_date, exclusivity, floor, id, market_type, on_corner, photos_url, price, price_per_square_meter, rooms_number, status, storage_room, type_of_kitchen, view, windows_direction) values (false, 588, 28, null, '2008-01-31', true, 37, 50, 'amet', true, 'http://free.fr', 982032, 19143, 18, 'eget', true, 'vulputate', 'massa', 'Omba');
insert into apartment (active, area, building_id, comment, creation_date, exclusivity, floor, id, market_type, on_corner, photos_url, price, price_per_square_meter, rooms_number, status, storage_room, type_of_kitchen, view, windows_direction) values (true, 1320, 2, null, '2014-12-31', false, 34, 51, 'tincidunt eget', false, 'https://infoseek.co.jp', 207053, 27507, 9, 'condimentum', false, 'suspendisse', 'ut', 'Eayo');
insert into apartment (active, area, building_id, comment, creation_date, exclusivity, floor, id, market_type, on_corner, photos_url, price, price_per_square_meter, rooms_number, status, storage_room, type_of_kitchen, view, windows_direction) values (true, 3658, 3, null, '2003-05-21', true, 8, 52, 'elementum ligula', true, 'https://umn.edu', 422497, 11696, 1, 'est', true, 'volutpat', 'imperdiet', 'Camido');
insert into apartment (active, area, building_id, comment, creation_date, exclusivity, floor, id, market_type, on_corner, photos_url, price, price_per_square_meter, rooms_number, status, storage_room, type_of_kitchen, view, windows_direction) values (true, 3195, 39, 'cras non velit nec nisi', '2008-05-23', false, 8, 53, 'turpis donec', false, 'https://time.com', 364093, 22712, 15, 'lobortis', false, 'est', 'orci', 'Rhyloo');
insert into apartment (active, area, building_id, comment, creation_date, exclusivity, floor, id, market_type, on_corner, photos_url, price, price_per_square_meter, rooms_number, status, storage_room, type_of_kitchen, view, windows_direction) values (false, 247, 3, null, '2013-12-23', true, 41, 54, 'montes nascetur ridiculus', true, 'https://shareasale.com', 628628, 22476, 3, 'blandit', false, 'sem', 'dui', 'Skynoodle');
insert into apartment (active, area, building_id, comment, creation_date, exclusivity, floor, id, market_type, on_corner, photos_url, price, price_per_square_meter, rooms_number, status, storage_room, type_of_kitchen, view, windows_direction) values (true, 2504, 3, 'vel augue vestibulum ante ipsum primis in faucibus orci luctus et ultrices posuere cubilia curae donec pharetra magna vestibulum', '2007-07-27', true, 32, 55, 'ac enim', true, 'http://google.de', 597338, 15005, 4, 'arcu', true, 'dolor', 'ante', 'Photofeed');
insert into apartment (active, area, building_id, comment, creation_date, exclusivity, floor, id, market_type, on_corner, photos_url, price, price_per_square_meter, rooms_number, status, storage_room, type_of_kitchen, view, windows_direction) values (false, 1710, 2, null, '2009-09-30', false, 35, 56, 'eu felis fusce', false, 'http://github.io', 384488, 25683, 19, 'sapien', false, 'aenean', 'ipsum', 'Thoughtbridge');
insert into apartment (active, area, building_id, comment, creation_date, exclusivity, floor, id, market_type, on_corner, photos_url, price, price_per_square_meter, rooms_number, status, storage_room, type_of_kitchen, view, windows_direction) values (false, 163, 5, 'potenti nullam porttitor lacus at', '2004-03-13', true, 37, 57, 'aliquet maecenas leo', false, 'https://flickr.com', 92415, 9959, 12, 'id', true, 'dictumst', 'faucibus', 'Devpulse');
insert into apartment (active, area, building_id, comment, creation_date, exclusivity, floor, id, market_type, on_corner, photos_url, price, price_per_square_meter, rooms_number, status, storage_room, type_of_kitchen, view, windows_direction) values (true, 3610, 28, null, '2011-01-17', true, 40, 58, 'ornare consequat lectus', false, 'https://youku.com', 727340, 13881, 3, 'bibendum', true, 'velit', 'fusce', 'Ntag');
insert into apartment (active, area, building_id, comment, creation_date, exclusivity, floor, id, market_type, on_corner, photos_url, price, price_per_square_meter, rooms_number, status, storage_room, type_of_kitchen, view, windows_direction) values (true, 1682, 29, 'platea dictumst maecenas', '2019-04-23', false, 43, 59, 'condimentum', true, 'https://webeden.co.uk', 832529, 18787, 4, 'ut', false, 'nisl', 'tortor', 'Feedspan');
insert into apartment (active, area, building_id, comment, creation_date, exclusivity, floor, id, market_type, on_corner, photos_url, price, price_per_square_meter, rooms_number, status, storage_room, type_of_kitchen, view, windows_direction) values (false, 2342, 4, 'posuere cubilia curae donec pharetra magna vestibulum', '2016-07-03', true, 36, 60, 'sociis natoque penatibus', true, 'https://github.com', 626835, 21291, 3, 'adipiscing', false, 'in', 'scelerisque', 'Meembee');
insert into apartment (active, area, building_id, comment, creation_date, exclusivity, floor, id, market_type, on_corner, photos_url, price, price_per_square_meter, rooms_number, status, storage_room, type_of_kitchen, view, windows_direction) values (false, 2206, 5, null, '2007-04-15', false, 11, 61, 'tellus semper', false, 'https://behance.net', 435778, 28954, 11, 'magna', true, 'mi', 'sapien', 'Devify');
insert into apartment (active, area, building_id, comment, creation_date, exclusivity, floor, id, market_type, on_corner, photos_url, price, price_per_square_meter, rooms_number, status, storage_room, type_of_kitchen, view, windows_direction) values (true, 2482, 13, null, '2009-04-11', true, 19, 62, 'luctus et', false, 'http://ustream.tv', 613161, 18350, 1, 'amet', false, 'quam', 'integer', 'Meevee');
insert into apartment (active, area, building_id, comment, creation_date, exclusivity, floor, id, market_type, on_corner, photos_url, price, price_per_square_meter, rooms_number, status, storage_room, type_of_kitchen, view, windows_direction) values (true, 271, 23, null, '2006-10-06', false, 10, 63, 'amet cursus id', true, 'https://nationalgeographic.com', 940519, 10587, 15, 'ac', false, 'ultrices', 'ridiculus', 'Topiclounge');
insert into apartment (active, area, building_id, comment, creation_date, exclusivity, floor, id, market_type, on_corner, photos_url, price, price_per_square_meter, rooms_number, status, storage_room, type_of_kitchen, view, windows_direction) values (true, 3197, 14, null, '2018-04-05', true, 29, 64, 'amet eleifend pede', true, 'https://mozilla.com', 447857, 24984, 2, 'justo', true, 'ipsum', 'eget', 'Linklinks');
insert into apartment (active, area, building_id, comment, creation_date, exclusivity, floor, id, market_type, on_corner, photos_url, price, price_per_square_meter, rooms_number, status, storage_room, type_of_kitchen, view, windows_direction) values (true, 2782, 16, 'integer pede justo', '2013-01-02', false, 41, 65, 'placerat praesent blandit', true, 'http://list-manage.com', 151325, 25795, 3, 'eget', false, 'etiam', 'molestie', 'Flipopia');
insert into apartment (active, area, building_id, comment, creation_date, exclusivity, floor, id, market_type, on_corner, photos_url, price, price_per_square_meter, rooms_number, status, storage_room, type_of_kitchen, view, windows_direction) values (false, 3458, 19, null, '2012-12-21', true, 18, 66, 'sollicitudin ut suscipit', true, 'https://mediafire.com', 912216, 25439, 17, 'a', false, 'magna', 'tincidunt', 'Rhynoodle');
insert into apartment (active, area, building_id, comment, creation_date, exclusivity, floor, id, market_type, on_corner, photos_url, price, price_per_square_meter, rooms_number, status, storage_room, type_of_kitchen, view, windows_direction) values (true, 3243, 28, null, '2005-09-20', true, 26, 67, 'mollis molestie', false, 'http://diigo.com', 221888, 5305, 17, 'rutrum', true, 'nunc', 'sit', 'Eire');
insert into apartment (active, area, building_id, comment, creation_date, exclusivity, floor, id, market_type, on_corner, photos_url, price, price_per_square_meter, rooms_number, status, storage_room, type_of_kitchen, view, windows_direction) values (false, 274, 16, 'urna ut tellus nulla ut erat id mauris', '2014-11-26', false, 38, 68, 'egestas metus', false, 'http://newyorker.com', 193215, 10454, 11, 'blandit', true, 'eget', 'amet', 'Buzzbean');
insert into apartment (active, area, building_id, comment, creation_date, exclusivity, floor, id, market_type, on_corner, photos_url, price, price_per_square_meter, rooms_number, status, storage_room, type_of_kitchen, view, windows_direction) values (false, 1264, 11, null, '2012-09-01', true, 44, 69, 'lacus', true, 'http://liveinternet.ru', 388522, 11244, 1, 'ornare', false, 'tempor', 'pellentesque', 'Thoughtstorm');
insert into apartment (active, area, building_id, comment, creation_date, exclusivity, floor, id, market_type, on_corner, photos_url, price, price_per_square_meter, rooms_number, status, storage_room, type_of_kitchen, view, windows_direction) values (true, 2936, 22, null, '2015-02-16', true, 32, 70, 'magnis dis', true, 'http://jiathis.com', 785015, 14426, 13, 'maecenas', false, 'curae', 'orci', 'Thoughtmix');
insert into apartment (active, area, building_id, comment, creation_date, exclusivity, floor, id, market_type, on_corner, photos_url, price, price_per_square_meter, rooms_number, status, storage_room, type_of_kitchen, view, windows_direction) values (false, 3320, 14, null, '2002-02-13', true, 14, 71, 'eget tempus vel', true, 'http://networksolutions.com', 970674, 18643, 19, 'ut', false, 'ac', 'maecenas', 'Cogilith');
insert into apartment (active, area, building_id, comment, creation_date, exclusivity, floor, id, market_type, on_corner, photos_url, price, price_per_square_meter, rooms_number, status, storage_room, type_of_kitchen, view, windows_direction) values (false, 1036, 17, 'quis libero nullam sit amet turpis', '2014-12-15', true, 16, 72, 'odio porttitor id', false, 'http://uiuc.edu', 908742, 21609, 12, 'volutpat', false, 'et', 'nunc', 'Skidoo');
insert into apartment (active, area, building_id, comment, creation_date, exclusivity, floor, id, market_type, on_corner, photos_url, price, price_per_square_meter, rooms_number, status, storage_room, type_of_kitchen, view, windows_direction) values (true, 3471, 40, 'primis in faucibus orci luctus et ultrices posuere cubilia curae nulla dapibus dolor vel est donec', '2016-08-06', false, 21, 73, 'diam in magna', false, 'http://marketwatch.com', 942703, 26819, 16, 'donec', false, 'sapien', 'et', 'Blognation');
insert into apartment (active, area, building_id, comment, creation_date, exclusivity, floor, id, market_type, on_corner, photos_url, price, price_per_square_meter, rooms_number, status, storage_room, type_of_kitchen, view, windows_direction) values (false, 1512, 12, 'odio consequat varius integer ac leo pellentesque ultrices mattis odio donec vitae nisi nam ultrices libero non mattis pulvinar nulla', '2015-03-02', true, 40, 74, 'primis in', false, 'https://alexa.com', 487110, 9859, 13, 'odio', true, 'vestibulum', 'semper', 'Buzzshare');
insert into apartment (active, area, building_id, comment, creation_date, exclusivity, floor, id, market_type, on_corner, photos_url, price, price_per_square_meter, rooms_number, status, storage_room, type_of_kitchen, view, windows_direction) values (true, 3699, 34, null, '2013-12-15', false, 19, 75, 'eu orci', true, 'http://timesonline.co.uk', 939185, 11687, 11, 'nisi', true, 'ullamcorper', 'rhoncus', 'Linkbuzz');
insert into apartment (active, area, building_id, comment, creation_date, exclusivity, floor, id, market_type, on_corner, photos_url, price, price_per_square_meter, rooms_number, status, storage_room, type_of_kitchen, view, windows_direction) values (true, 1786, 20, null, '2008-12-02', true, 10, 76, 'dui', false, 'http://noaa.gov', 263239, 8286, 10, 'leo', true, 'dui', 'non', 'Voonix');
insert into apartment (active, area, building_id, comment, creation_date, exclusivity, floor, id, market_type, on_corner, photos_url, price, price_per_square_meter, rooms_number, status, storage_room, type_of_kitchen, view, windows_direction) values (false, 1450, 29, null, '2011-12-04', true, 23, 77, 'pellentesque eget', true, 'https://soundcloud.com', 859890, 14621, 12, 'mattis', false, 'aliquam', 'sodales', 'Youfeed');
insert into apartment (active, area, building_id, comment, creation_date, exclusivity, floor, id, market_type, on_corner, photos_url, price, price_per_square_meter, rooms_number, status, storage_room, type_of_kitchen, view, windows_direction) values (false, 1882, 9, null, '2004-01-09', false, 13, 78, 'at ipsum', false, 'http://pagesperso-orange.fr', 301956, 24916, 17, 'elit', true, 'lectus', 'in', 'Voonte');
insert into apartment (active, area, building_id, comment, creation_date, exclusivity, floor, id, market_type, on_corner, photos_url, price, price_per_square_meter, rooms_number, status, storage_room, type_of_kitchen, view, windows_direction) values (false, 2189, 25, 'ut suscipit a feugiat et eros vestibulum ac est lacinia nisi venenatis tristique fusce congue diam id ornare imperdiet sapien', '2006-09-27', false, 44, 79, 'libero', false, 'https://cnn.com', 731477, 29519, 19, 'sollicitudin', false, 'maecenas', 'suscipit', 'Quatz');
insert into apartment (active, area, building_id, comment, creation_date, exclusivity, floor, id, market_type, on_corner, photos_url, price, price_per_square_meter, rooms_number, status, storage_room, type_of_kitchen, view, windows_direction) values (false, 1556, 29, null, '2013-03-25', true, 24, 80, 'massa tempor convallis', false, 'http://flickr.com', 837442, 6499, 14, 'amet', false, 'curabitur', 'lorem', 'Kamba');
insert into apartment (active, area, building_id, comment, creation_date, exclusivity, floor, id, market_type, on_corner, photos_url, price, price_per_square_meter, rooms_number, status, storage_room, type_of_kitchen, view, windows_direction) values (true, 3865, 38, null, '2001-12-05', false, 23, 81, 'feugiat et eros', true, 'http://acquirethisname.com', 674075, 10048, 10, 'suspendisse', true, 'suspendisse', 'eget', 'Cogidoo');
insert into apartment (active, area, building_id, comment, creation_date, exclusivity, floor, id, market_type, on_corner, photos_url, price, price_per_square_meter, rooms_number, status, storage_room, type_of_kitchen, view, windows_direction) values (false, 926, 28, null, '2005-12-16', false, 32, 82, 'sed', false, 'https://barnesandnoble.com', 883983, 20754, 6, 'viverra', true, 'fusce', 'odio', 'Kare');
insert into apartment (active, area, building_id, comment, creation_date, exclusivity, floor, id, market_type, on_corner, photos_url, price, price_per_square_meter, rooms_number, status, storage_room, type_of_kitchen, view, windows_direction) values (false, 639, 28, 'tortor duis mattis egestas metus aenean fermentum donec ut mauris eget massa tempor convallis nulla neque libero convallis eget eleifend', '2016-07-16', true, 27, 83, 'vehicula', true, 'http://51.la', 983833, 21714, 17, 'blandit', true, 'curabitur', 'orci', 'Ntag');
insert into apartment (active, area, building_id, comment, creation_date, exclusivity, floor, id, market_type, on_corner, photos_url, price, price_per_square_meter, rooms_number, status, storage_room, type_of_kitchen, view, windows_direction) values (false, 422, 16, 'amet nunc viverra dapibus nulla suscipit ligula in lacus curabitur at ipsum ac tellus semper interdum', '2004-06-17', false, 30, 84, 'lectus pellentesque', true, 'http://ustream.tv', 647385, 20528, 15, 'amet', true, 'nec', 'sit', 'Skaboo');
insert into apartment (active, area, building_id, comment, creation_date, exclusivity, floor, id, market_type, on_corner, photos_url, price, price_per_square_meter, rooms_number, status, storage_room, type_of_kitchen, view, windows_direction) values (false, 3012, 5, 'suspendisse potenti cras in purus eu magna vulputate luctus cum sociis', '2003-11-29', true, 16, 85, 'aliquam quis', true, 'https://spiegel.de', 534389, 11431, 10, 'consectetuer', false, 'massa', 'fusce', 'Pixonyx');
insert into apartment (active, area, building_id, comment, creation_date, exclusivity, floor, id, market_type, on_corner, photos_url, price, price_per_square_meter, rooms_number, status, storage_room, type_of_kitchen, view, windows_direction) values (true, 2575, 27, null, '2008-07-22', false, 5, 86, 'sit', true, 'https://wikia.com', 413613, 6976, 8, 'hendrerit', false, 'amet', 'et', 'Centizu');
insert into apartment (active, area, building_id, comment, creation_date, exclusivity, floor, id, market_type, on_corner, photos_url, price, price_per_square_meter, rooms_number, status, storage_room, type_of_kitchen, view, windows_direction) values (true, 1272, 25, 'sem duis aliquam convallis nunc proin at turpis a pede posuere', '2019-06-30', true, 14, 87, 'massa quis augue', false, 'http://sakura.ne.jp', 353017, 21881, 20, 'rhoncus', false, 'velit', 'lacus', 'Meembee');
insert into apartment (active, area, building_id, comment, creation_date, exclusivity, floor, id, market_type, on_corner, photos_url, price, price_per_square_meter, rooms_number, status, storage_room, type_of_kitchen, view, windows_direction) values (true, 1906, 21, 'feugiat non pretium quis lectus suspendisse potenti in eleifend quam a odio in hac habitasse platea dictumst', '2001-10-25', true, 42, 88, 'erat nulla tempus', false, 'https://apache.org', 387654, 23542, 6, 'ante', false, 'lectus', 'in', 'Kazio');
insert into apartment (active, area, building_id, comment, creation_date, exclusivity, floor, id, market_type, on_corner, photos_url, price, price_per_square_meter, rooms_number, status, storage_room, type_of_kitchen, view, windows_direction) values (true, 879, 17, 'at nibh in hac habitasse platea dictumst aliquam augue quam sollicitudin vitae consectetuer eget rutrum at lorem integer', '2008-08-05', true, 43, 89, 'tortor sollicitudin mi', false, 'https://telegraph.co.uk', 227836, 23429, 14, 'sit', true, 'in', 'vitae', 'Yoveo');
insert into apartment (active, area, building_id, comment, creation_date, exclusivity, floor, id, market_type, on_corner, photos_url, price, price_per_square_meter, rooms_number, status, storage_room, type_of_kitchen, view, windows_direction) values (false, 3076, 29, null, '2001-01-06', false, 35, 90, 'vulputate', false, 'http://facebook.com', 149097, 12057, 13, 'dolor', false, 'risus', 'viverra', 'Kwilith');
insert into apartment (active, area, building_id, comment, creation_date, exclusivity, floor, id, market_type, on_corner, photos_url, price, price_per_square_meter, rooms_number, status, storage_room, type_of_kitchen, view, windows_direction) values (true, 1188, 15, null, '2002-03-13', false, 38, 91, 'sit amet justo', true, 'http://senate.gov', 875984, 19223, 3, 'potenti', true, 'interdum', 'erat', 'Gigaclub');
insert into apartment (active, area, building_id, comment, creation_date, exclusivity, floor, id, market_type, on_corner, photos_url, price, price_per_square_meter, rooms_number, status, storage_room, type_of_kitchen, view, windows_direction) values (true, 1481, 23, null, '2001-08-05', false, 43, 92, 'turpis enim', false, 'http://github.com', 301820, 29649, 7, 'ultrices', true, 'proin', 'in', 'Photolist');
insert into apartment (active, area, building_id, comment, creation_date, exclusivity, floor, id, market_type, on_corner, photos_url, price, price_per_square_meter, rooms_number, status, storage_room, type_of_kitchen, view, windows_direction) values (true, 141, 2, 'posuere cubilia curae nulla dapibus dolor vel est donec odio justo sollicitudin ut suscipit a feugiat et eros vestibulum ac', '2011-11-16', false, 17, 93, 'primis in faucibus', true, 'http://weebly.com', 353214, 24677, 15, 'nisi', false, 'etiam', 'est', 'Mybuzz');
insert into apartment (active, area, building_id, comment, creation_date, exclusivity, floor, id, market_type, on_corner, photos_url, price, price_per_square_meter, rooms_number, status, storage_room, type_of_kitchen, view, windows_direction) values (false, 3218, 40, null, '2010-10-23', false, 39, 94, 'rutrum nulla', true, 'http://vimeo.com', 43519, 11437, 1, 'tempus', true, 'convallis', 'vitae', 'Zoomdog');
insert into apartment (active, area, building_id, comment, creation_date, exclusivity, floor, id, market_type, on_corner, photos_url, price, price_per_square_meter, rooms_number, status, storage_room, type_of_kitchen, view, windows_direction) values (true, 547, 6, null, '2011-04-05', true, 16, 95, 'ut ultrices', true, 'https://google.de', 488832, 6339, 18, 'in', true, 'ut', 'dolor', 'Mudo');
insert into apartment (active, area, building_id, comment, creation_date, exclusivity, floor, id, market_type, on_corner, photos_url, price, price_per_square_meter, rooms_number, status, storage_room, type_of_kitchen, view, windows_direction) values (true, 306, 39, null, '2002-03-12', false, 19, 96, 'ipsum ac tellus', true, 'https://columbia.edu', 821914, 17802, 3, 'suspendisse', false, 'et', 'integer', 'Skyndu');
insert into apartment (active, area, building_id, comment, creation_date, exclusivity, floor, id, market_type, on_corner, photos_url, price, price_per_square_meter, rooms_number, status, storage_room, type_of_kitchen, view, windows_direction) values (true, 1791, 21, 'consequat ut nulla sed accumsan felis ut at dolor quis odio consequat varius integer ac', '2001-12-15', false, 44, 97, 'orci vehicula', true, 'https://google.de', 136942, 26860, 9, 'id', true, 'est', 'congue', 'Flashset');
insert into apartment (active, area, building_id, comment, creation_date, exclusivity, floor, id, market_type, on_corner, photos_url, price, price_per_square_meter, rooms_number, status, storage_room, type_of_kitchen, view, windows_direction) values (false, 1618, 33, null, '2005-11-20', true, 44, 98, 'dictumst', false, 'https://eventbrite.com', 204965, 22145, 15, 'ultrices', false, 'aenean', 'viverra', 'Lazz');
insert into apartment (active, area, building_id, comment, creation_date, exclusivity, floor, id, market_type, on_corner, photos_url, price, price_per_square_meter, rooms_number, status, storage_room, type_of_kitchen, view, windows_direction) values (false, 3446, 20, 'nulla facilisi cras non velit nec nisi vulputate nonummy maecenas tincidunt lacus at velit', '2001-03-22', true, 45, 99, 'diam', true, 'http://wordpress.com', 803596, 18293, 14, 'nullam', true, 'ac', 'enim', 'Edgeify');
insert into apartment (active, area, building_id, comment, creation_date, exclusivity, floor, id, market_type, on_corner, photos_url, price, price_per_square_meter, rooms_number, status, storage_room, type_of_kitchen, view, windows_direction) values (false, 1833, 31, null, '2018-10-26', true, 39, 100, 'elementum in', false, 'http://photobucket.com', 143346, 5998, 5, 'massa', false, 'suspendisse', 'integer', 'Realbridge');
insert into apartment (active, area, building_id, comment, creation_date, exclusivity, floor, id, market_type, on_corner, photos_url, price, price_per_square_meter, rooms_number, status, storage_room, type_of_kitchen, view, windows_direction) values (false, 3671, 32, null, '2006-03-02', true, 39, 101, 'suspendisse ornare', true, 'https://amazon.co.jp', 785702, 14694, 9, 'amet', false, 'fermentum', 'vel', 'Gabcube');
insert into apartment (active, area, building_id, comment, creation_date, exclusivity, floor, id, market_type, on_corner, photos_url, price, price_per_square_meter, rooms_number, status, storage_room, type_of_kitchen, view, windows_direction) values (false, 3990, 13, null, '2001-08-15', true, 35, 102, 'lacinia', true, 'https://digg.com', 874408, 11972, 11, 'quis', true, 'nunc', 'aliquam', 'Quimm');
insert into apartment (active, area, building_id, comment, creation_date, exclusivity, floor, id, market_type, on_corner, photos_url, price, price_per_square_meter, rooms_number, status, storage_room, type_of_kitchen, view, windows_direction) values (true, 2876, 1, null, '2004-12-13', false, 1, 103, 'primis', true, 'http://tinypic.com', 612996, 12442, 12, 'faucibus', false, 'tristique', 'donec', 'Podcat');
insert into apartment (active, area, building_id, comment, creation_date, exclusivity, floor, id, market_type, on_corner, photos_url, price, price_per_square_meter, rooms_number, status, storage_room, type_of_kitchen, view, windows_direction) values (true, 309, 22, 'nulla suscipit ligula in lacus curabitur at ipsum ac tellus', '2013-05-19', false, 20, 104, 'id', true, 'https://themeforest.net', 501830, 5217, 4, 'lacinia', false, 'penatibus', 'rutrum', 'Shuffledrive');
insert into apartment (active, area, building_id, comment, creation_date, exclusivity, floor, id, market_type, on_corner, photos_url, price, price_per_square_meter, rooms_number, status, storage_room, type_of_kitchen, view, windows_direction) values (false, 2830, 16, null, '2013-11-12', false, 31, 105, 'luctus et ultrices', true, 'http://bloglovin.com', 598452, 18340, 2, 'vestibulum', false, 'vehicula', 'rhoncus', 'Twitterlist');
insert into apartment (active, area, building_id, comment, creation_date, exclusivity, floor, id, market_type, on_corner, photos_url, price, price_per_square_meter, rooms_number, status, storage_room, type_of_kitchen, view, windows_direction) values (true, 691, 16, null, '2004-01-07', false, 26, 106, 'id consequat in', true, 'http://seesaa.net', 957944, 6657, 7, 'at', false, 'nunc', 'donec', 'Agimba');
insert into apartment (active, area, building_id, comment, creation_date, exclusivity, floor, id, market_type, on_corner, photos_url, price, price_per_square_meter, rooms_number, status, storage_room, type_of_kitchen, view, windows_direction) values (false, 3781, 27, null, '2015-01-27', false, 10, 107, 'pede venenatis', true, 'https://github.io', 987199, 11506, 1, 'nulla', false, 'aliquam', 'nulla', 'Babblestorm');
insert into apartment (active, area, building_id, comment, creation_date, exclusivity, floor, id, market_type, on_corner, photos_url, price, price_per_square_meter, rooms_number, status, storage_room, type_of_kitchen, view, windows_direction) values (false, 3763, 30, null, '2018-06-06', false, 19, 108, 'posuere metus', false, 'http://stumbleupon.com', 890373, 23207, 16, 'velit', false, 'urna', 'ante', 'Rhycero');
insert into apartment (active, area, building_id, comment, creation_date, exclusivity, floor, id, market_type, on_corner, photos_url, price, price_per_square_meter, rooms_number, status, storage_room, type_of_kitchen, view, windows_direction) values (false, 3695, 13, 'in consequat ut nulla', '2004-10-25', true, 45, 109, 'convallis duis consequat', false, 'http://rediff.com', 741740, 24692, 2, 'in', true, 'sit', 'dolor', 'Eare');
insert into apartment (active, area, building_id, comment, creation_date, exclusivity, floor, id, market_type, on_corner, photos_url, price, price_per_square_meter, rooms_number, status, storage_room, type_of_kitchen, view, windows_direction) values (false, 2992, 23, 'donec dapibus duis at', '2010-05-11', false, 40, 110, 'sem fusce', true, 'http://example.com', 724811, 6083, 8, 'duis', true, 'non', 'imperdiet', 'Livepath');
insert into apartment (active, area, building_id, comment, creation_date, exclusivity, floor, id, market_type, on_corner, photos_url, price, price_per_square_meter, rooms_number, status, storage_room, type_of_kitchen, view, windows_direction) values (false, 1132, 10, null, '2016-07-13', true, 25, 111, 'vitae nisi', true, 'http://arizona.edu', 691722, 21609, 1, 'quisque', true, 'curae', 'sit', 'Kwimbee');
insert into apartment (active, area, building_id, comment, creation_date, exclusivity, floor, id, market_type, on_corner, photos_url, price, price_per_square_meter, rooms_number, status, storage_room, type_of_kitchen, view, windows_direction) values (false, 967, 32, null, '2013-05-14', false, 32, 112, 'ante', true, 'https://sciencedirect.com', 483202, 17877, 19, 'purus', false, 'fermentum', 'non', 'Yozio');
insert into apartment (active, area, building_id, comment, creation_date, exclusivity, floor, id, market_type, on_corner, photos_url, price, price_per_square_meter, rooms_number, status, storage_room, type_of_kitchen, view, windows_direction) values (true, 3599, 20, null, '2001-07-05', true, 19, 113, 'in tempus', false, 'http://i2i.jp', 646248, 12405, 17, 'donec', false, 'eleifend', 'vitae', 'Aibox');
insert into apartment (active, area, building_id, comment, creation_date, exclusivity, floor, id, market_type, on_corner, photos_url, price, price_per_square_meter, rooms_number, status, storage_room, type_of_kitchen, view, windows_direction) values (true, 2631, 19, null, '2007-01-08', true, 17, 114, 'dis parturient montes', true, 'http://cdbaby.com', 363948, 22142, 11, 'platea', true, 'suspendisse', 'cursus', 'Skilith');
insert into apartment (active, area, building_id, comment, creation_date, exclusivity, floor, id, market_type, on_corner, photos_url, price, price_per_square_meter, rooms_number, status, storage_room, type_of_kitchen, view, windows_direction) values (true, 542, 20, null, '2018-03-15', false, 20, 115, 'ornare imperdiet', false, 'https://myspace.com', 945732, 27464, 2, 'massa', false, 'felis', 'ac', 'Zoonoodle');
insert into apartment (active, area, building_id, comment, creation_date, exclusivity, floor, id, market_type, on_corner, photos_url, price, price_per_square_meter, rooms_number, status, storage_room, type_of_kitchen, view, windows_direction) values (true, 810, 17, null, '2010-09-17', true, 26, 116, 'cum', false, 'http://google.com.br', 940396, 24104, 6, 'non', false, 'sapien', 'habitasse', 'Yoveo');
insert into apartment (active, area, building_id, comment, creation_date, exclusivity, floor, id, market_type, on_corner, photos_url, price, price_per_square_meter, rooms_number, status, storage_room, type_of_kitchen, view, windows_direction) values (true, 3142, 18, 'lobortis ligula sit amet', '2001-07-03', false, 44, 117, 'sit amet', false, 'https://ftc.gov', 475220, 26466, 20, 'aliquam', false, 'morbi', 'lacus', 'Skiba');
insert into apartment (active, area, building_id, comment, creation_date, exclusivity, floor, id, market_type, on_corner, photos_url, price, price_per_square_meter, rooms_number, status, storage_room, type_of_kitchen, view, windows_direction) values (true, 3430, 11, null, '2020-06-19', false, 10, 118, 'sapien arcu sed', true, 'http://princeton.edu', 739434, 19919, 7, 'quis', true, 'sit', 'vestibulum', 'Rhyzio');
insert into apartment (active, area, building_id, comment, creation_date, exclusivity, floor, id, market_type, on_corner, photos_url, price, price_per_square_meter, rooms_number, status, storage_room, type_of_kitchen, view, windows_direction) values (false, 1129, 20, null, '2008-11-03', false, 49, 119, 'at velit eu', true, 'http://msu.edu', 446171, 21915, 16, 'est', false, 'lacus', 'consectetuer', 'InnoZ');
insert into apartment (active, area, building_id, comment, creation_date, exclusivity, floor, id, market_type, on_corner, photos_url, price, price_per_square_meter, rooms_number, status, storage_room, type_of_kitchen, view, windows_direction) values (false, 550, 17, null, '2014-02-23', true, 44, 120, 'lacus', false, 'https://intel.com', 419563, 11744, 3, 'in', false, 'auctor', 'tincidunt', 'Twiyo');
insert into apartment (active, area, building_id, comment, creation_date, exclusivity, floor, id, market_type, on_corner, photos_url, price, price_per_square_meter, rooms_number, status, storage_room, type_of_kitchen, view, windows_direction) values (true, 58, 13, null, '2005-03-29', false, 18, 121, 'aliquet maecenas', true, 'https://jugem.jp', 974054, 14478, 7, 'lobortis', true, 'in', 'mauris', 'Npath');
insert into apartment (active, area, building_id, comment, creation_date, exclusivity, floor, id, market_type, on_corner, photos_url, price, price_per_square_meter, rooms_number, status, storage_room, type_of_kitchen, view, windows_direction) values (true, 2323, 23, null, '2004-05-09', true, 14, 122, 'habitasse', false, 'https://omniture.com', 201918, 15380, 6, 'vestibulum', true, 'nam', 'at', 'Livefish');
insert into apartment (active, area, building_id, comment, creation_date, exclusivity, floor, id, market_type, on_corner, photos_url, price, price_per_square_meter, rooms_number, status, storage_room, type_of_kitchen, view, windows_direction) values (true, 3164, 35, null, '2010-04-13', false, 37, 123, 'ornare imperdiet sapien', false, 'https://twitter.com', 930474, 27273, 10, 'at', true, 'nunc', 'vivamus', 'Voolia');
insert into apartment (active, area, building_id, comment, creation_date, exclusivity, floor, id, market_type, on_corner, photos_url, price, price_per_square_meter, rooms_number, status, storage_room, type_of_kitchen, view, windows_direction) values (true, 3369, 21, null, '2010-08-21', true, 21, 124, 'faucibus orci luctus', true, 'https://edublogs.org', 394173, 27498, 19, 'nulla', false, 'posuere', 'semper', 'Oyoba');
insert into apartment (active, area, building_id, comment, creation_date, exclusivity, floor, id, market_type, on_corner, photos_url, price, price_per_square_meter, rooms_number, status, storage_room, type_of_kitchen, view, windows_direction) values (true, 1841, 30, null, '2012-12-02', false, 18, 125, 'libero', true, 'http://addthis.com', 393931, 26501, 10, 'lectus', false, 'ultrices', 'dolor', 'Tambee');
insert into apartment (active, area, building_id, comment, creation_date, exclusivity, floor, id, market_type, on_corner, photos_url, price, price_per_square_meter, rooms_number, status, storage_room, type_of_kitchen, view, windows_direction) values (true, 3925, 3, null, '2018-11-16', false, 29, 126, 'faucibus orci', true, 'https://twitter.com', 760605, 12243, 15, 'proin', false, 'eros', 'tellus', 'Dazzlesphere');
insert into apartment (active, area, building_id, comment, creation_date, exclusivity, floor, id, market_type, on_corner, photos_url, price, price_per_square_meter, rooms_number, status, storage_room, type_of_kitchen, view, windows_direction) values (true, 3135, 31, 'maecenas tristique est et tempus semper est quam pharetra magna ac consequat metus', '2010-10-25', true, 15, 127, 'mattis nibh', true, 'https://pinterest.com', 301514, 25844, 7, 'dui', false, 'morbi', 'potenti', 'Youopia');
insert into apartment (active, area, building_id, comment, creation_date, exclusivity, floor, id, market_type, on_corner, photos_url, price, price_per_square_meter, rooms_number, status, storage_room, type_of_kitchen, view, windows_direction) values (false, 1907, 3, 'nullam porttitor lacus at turpis donec posuere metus vitae ipsum aliquam non mauris morbi non lectus aliquam sit', '2009-12-20', false, 19, 128, 'massa', true, 'http://umn.edu', 702149, 29413, 14, 'ut', false, 'consequat', 'morbi', 'Zava');
insert into apartment (active, area, building_id, comment, creation_date, exclusivity, floor, id, market_type, on_corner, photos_url, price, price_per_square_meter, rooms_number, status, storage_room, type_of_kitchen, view, windows_direction) values (false, 1524, 20, 'tortor quis turpis sed ante vivamus tortor', '2007-10-18', true, 5, 129, 'tincidunt in', true, 'https://elpais.com', 512204, 15094, 8, 'lacus', false, 'sapien', 'egestas', 'Quamba');
insert into apartment (active, area, building_id, comment, creation_date, exclusivity, floor, id, market_type, on_corner, photos_url, price, price_per_square_meter, rooms_number, status, storage_room, type_of_kitchen, view, windows_direction) values (false, 1996, 17, 'rhoncus aliquet pulvinar', '2001-08-03', false, 6, 130, 'interdum mauris non', false, 'https://cisco.com', 537520, 18675, 8, 'eu', false, 'non', 'velit', 'Eabox');
insert into apartment (active, area, building_id, comment, creation_date, exclusivity, floor, id, market_type, on_corner, photos_url, price, price_per_square_meter, rooms_number, status, storage_room, type_of_kitchen, view, windows_direction) values (false, 3416, 3, null, '2009-08-10', true, 47, 131, 'blandit', true, 'http://sciencedirect.com', 722477, 16851, 3, 'curae', true, 'ut', 'dapibus', 'Thoughtblab');
insert into apartment (active, area, building_id, comment, creation_date, exclusivity, floor, id, market_type, on_corner, photos_url, price, price_per_square_meter, rooms_number, status, storage_room, type_of_kitchen, view, windows_direction) values (false, 3117, 26, null, '2015-07-03', true, 36, 132, 'sed', true, 'http://nature.com', 41690, 12806, 15, 'nec', false, 'sed', 'sit', 'Kwinu');
insert into apartment (active, area, building_id, comment, creation_date, exclusivity, floor, id, market_type, on_corner, photos_url, price, price_per_square_meter, rooms_number, status, storage_room, type_of_kitchen, view, windows_direction) values (true, 557, 29, null, '2018-05-19', true, 40, 133, 'imperdiet nullam', true, 'https://google.com.hk', 188255, 14191, 6, 'metus', false, 'lorem', 'nunc', 'Realblab');
insert into apartment (active, area, building_id, comment, creation_date, exclusivity, floor, id, market_type, on_corner, photos_url, price, price_per_square_meter, rooms_number, status, storage_room, type_of_kitchen, view, windows_direction) values (false, 3732, 4, 'tempus vivamus in felis eu sapien cursus vestibulum proin', '2018-06-05', false, 6, 134, 'nulla mollis', false, 'https://cocolog-nifty.com', 771185, 8745, 6, 'purus', true, 'turpis', 'lacinia', 'Shufflebeat');
insert into apartment (active, area, building_id, comment, creation_date, exclusivity, floor, id, market_type, on_corner, photos_url, price, price_per_square_meter, rooms_number, status, storage_room, type_of_kitchen, view, windows_direction) values (true, 1533, 9, null, '2010-08-25', false, 4, 135, 'pede morbi porttitor', true, 'http://youtube.com', 416643, 5087, 18, 'auctor', false, 'cras', 'sagittis', 'BlogXS');
insert into apartment (active, area, building_id, comment, creation_date, exclusivity, floor, id, market_type, on_corner, photos_url, price, price_per_square_meter, rooms_number, status, storage_room, type_of_kitchen, view, windows_direction) values (true, 2299, 22, 'turpis enim blandit mi in porttitor pede justo eu massa donec dapibus duis at velit eu est', '2015-04-18', true, 44, 136, 'vulputate justo', false, 'https://a8.net', 894092, 24032, 6, 'primis', true, 'egestas', 'pretium', 'Fivebridge');
insert into apartment (active, area, building_id, comment, creation_date, exclusivity, floor, id, market_type, on_corner, photos_url, price, price_per_square_meter, rooms_number, status, storage_room, type_of_kitchen, view, windows_direction) values (false, 3488, 33, null, '2016-10-24', false, 29, 137, 'diam id', true, 'http://instagram.com', 911276, 5120, 17, 'congue', false, 'ultrices', 'vitae', 'Kwimbee');
insert into apartment (active, area, building_id, comment, creation_date, exclusivity, floor, id, market_type, on_corner, photos_url, price, price_per_square_meter, rooms_number, status, storage_room, type_of_kitchen, view, windows_direction) values (true, 1578, 13, null, '2002-07-25', true, 11, 138, 'dapibus at', true, 'https://photobucket.com', 807842, 7098, 17, 'proin', false, 'lorem', 'ante', 'Vinte');
insert into apartment (active, area, building_id, comment, creation_date, exclusivity, floor, id, market_type, on_corner, photos_url, price, price_per_square_meter, rooms_number, status, storage_room, type_of_kitchen, view, windows_direction) values (false, 3651, 37, null, '2010-04-30', true, 12, 139, 'erat vestibulum sed', false, 'http://t-online.de', 853956, 11979, 12, 'nulla', true, 'adipiscing', 'mattis', 'Skivee');
insert into apartment (active, area, building_id, comment, creation_date, exclusivity, floor, id, market_type, on_corner, photos_url, price, price_per_square_meter, rooms_number, status, storage_room, type_of_kitchen, view, windows_direction) values (true, 2600, 29, 'libero nam dui proin leo odio porttitor id consequat in consequat ut nulla sed accumsan felis ut at', '2001-10-10', true, 5, 140, 'libero non mattis', true, 'http://twitter.com', 570105, 24357, 11, 'est', true, 'luctus', 'dui', 'Thoughtsphere');
insert into apartment (active, area, building_id, comment, creation_date, exclusivity, floor, id, market_type, on_corner, photos_url, price, price_per_square_meter, rooms_number, status, storage_room, type_of_kitchen, view, windows_direction) values (true, 2362, 28, null, '2007-09-28', true, 48, 141, 'consectetuer adipiscing elit', false, 'https://unesco.org', 114968, 26420, 10, 'in', true, 'tempus', 'orci', 'Eire');
insert into apartment (active, area, building_id, comment, creation_date, exclusivity, floor, id, market_type, on_corner, photos_url, price, price_per_square_meter, rooms_number, status, storage_room, type_of_kitchen, view, windows_direction) values (true, 2337, 16, null, '2010-01-18', true, 47, 142, 'eget massa tempor', true, 'http://huffingtonpost.com', 135568, 14989, 2, 'a', true, 'neque', 'dapibus', 'Dabjam');
insert into apartment (active, area, building_id, comment, creation_date, exclusivity, floor, id, market_type, on_corner, photos_url, price, price_per_square_meter, rooms_number, status, storage_room, type_of_kitchen, view, windows_direction) values (true, 1919, 24, null, '2013-10-11', false, 15, 143, 'semper est quam', true, 'https://theguardian.com', 570030, 12865, 15, 'venenatis', false, 'justo', 'ut', 'Edgeclub');
insert into apartment (active, area, building_id, comment, creation_date, exclusivity, floor, id, market_type, on_corner, photos_url, price, price_per_square_meter, rooms_number, status, storage_room, type_of_kitchen, view, windows_direction) values (false, 1380, 38, null, '2015-07-18', false, 43, 144, 'odio porttitor id', false, 'http://multiply.com', 811845, 24150, 3, 'maecenas', false, 'faucibus', 'volutpat', 'Edgeclub');
insert into apartment (active, area, building_id, comment, creation_date, exclusivity, floor, id, market_type, on_corner, photos_url, price, price_per_square_meter, rooms_number, status, storage_room, type_of_kitchen, view, windows_direction) values (true, 531, 19, 'mauris enim leo rhoncus sed vestibulum sit amet cursus id turpis integer aliquet massa id lobortis convallis tortor', '2009-08-26', true, 50, 145, 'in', true, 'https://skyrock.com', 704748, 19722, 11, 'accumsan', false, 'amet', 'morbi', 'Flashset');
insert into apartment (active, area, building_id, comment, creation_date, exclusivity, floor, id, market_type, on_corner, photos_url, price, price_per_square_meter, rooms_number, status, storage_room, type_of_kitchen, view, windows_direction) values (true, 3204, 35, null, '2014-09-09', false, 15, 146, 'nulla', false, 'http://tinypic.com', 512291, 6062, 10, 'eget', true, 'rutrum', 'metus', 'Topicblab');
insert into apartment (active, area, building_id, comment, creation_date, exclusivity, floor, id, market_type, on_corner, photos_url, price, price_per_square_meter, rooms_number, status, storage_room, type_of_kitchen, view, windows_direction) values (true, 986, 22, 'quis orci eget orci vehicula condimentum curabitur in libero ut massa volutpat convallis morbi odio odio elementum eu interdum eu', '2010-01-26', false, 29, 147, 'quis lectus suspendisse', false, 'http://google.cn', 334711, 23851, 17, 'id', false, 'fermentum', 'in', 'Twitterbridge');
insert into apartment (active, area, building_id, comment, creation_date, exclusivity, floor, id, market_type, on_corner, photos_url, price, price_per_square_meter, rooms_number, status, storage_room, type_of_kitchen, view, windows_direction) values (true, 2544, 12, null, '2005-07-17', false, 34, 148, 'in', false, 'http://ocn.ne.jp', 114668, 8664, 13, 'in', true, 'lacinia', 'pharetra', 'Teklist');
insert into apartment (active, area, building_id, comment, creation_date, exclusivity, floor, id, market_type, on_corner, photos_url, price, price_per_square_meter, rooms_number, status, storage_room, type_of_kitchen, view, windows_direction) values (true, 797, 16, 'sem duis aliquam convallis nunc', '2006-11-18', true, 9, 149, 'vehicula', true, 'http://cdc.gov', 814352, 18717, 17, 'semper', false, 'etiam', 'ante', 'Myworks');
insert into apartment (active, area, building_id, comment, creation_date, exclusivity, floor, id, market_type, on_corner, photos_url, price, price_per_square_meter, rooms_number, status, storage_room, type_of_kitchen, view, windows_direction) values (false, 2504, 18, null, '2005-06-07', true, 17, 150, 'ut suscipit a', true, 'https://independent.co.uk', 207087, 6425, 2, 'convallis', true, 'justo', 'quisque', 'Zoomcast');
insert into apartment (active, area, building_id, comment, creation_date, exclusivity, floor, id, market_type, on_corner, photos_url, price, price_per_square_meter, rooms_number, status, storage_room, type_of_kitchen, view, windows_direction) values (true, 2680, 19, null, '2014-10-19', false, 15, 151, 'viverra dapibus', false, 'http://google.nl', 324967, 23700, 3, 'vestibulum', true, 'eget', 'integer', 'Riffpath');
insert into apartment (active, area, building_id, comment, creation_date, exclusivity, floor, id, market_type, on_corner, photos_url, price, price_per_square_meter, rooms_number, status, storage_room, type_of_kitchen, view, windows_direction) values (true, 3093, 11, null, '2011-08-06', false, 9, 152, 'nisi', false, 'https://cocolog-nifty.com', 41114, 26116, 11, 'sem', true, 'est', 'sollicitudin', 'Yotz');
insert into apartment (active, area, building_id, comment, creation_date, exclusivity, floor, id, market_type, on_corner, photos_url, price, price_per_square_meter, rooms_number, status, storage_room, type_of_kitchen, view, windows_direction) values (true, 1638, 8, 'phasellus in felis donec semper sapien a libero nam dui proin leo odio porttitor', '2004-02-10', false, 40, 153, 'donec ut dolor', false, 'https://biblegateway.com', 949025, 6546, 4, 'libero', true, 'convallis', 'sit', 'Skinix');
insert into apartment (active, area, building_id, comment, creation_date, exclusivity, floor, id, market_type, on_corner, photos_url, price, price_per_square_meter, rooms_number, status, storage_room, type_of_kitchen, view, windows_direction) values (true, 2253, 6, null, '2017-05-12', false, 36, 154, 'volutpat quam', false, 'https://reference.com', 364356, 11091, 13, 'fusce', true, 'morbi', 'nullam', 'Katz');
insert into apartment (active, area, building_id, comment, creation_date, exclusivity, floor, id, market_type, on_corner, photos_url, price, price_per_square_meter, rooms_number, status, storage_room, type_of_kitchen, view, windows_direction) values (true, 3641, 21, null, '2019-08-04', true, 49, 155, 'accumsan odio', true, 'https://clickbank.net', 759744, 23351, 1, 'vestibulum', false, 'vestibulum', 'orci', 'Skyndu');
insert into apartment (active, area, building_id, comment, creation_date, exclusivity, floor, id, market_type, on_corner, photos_url, price, price_per_square_meter, rooms_number, status, storage_room, type_of_kitchen, view, windows_direction) values (false, 1616, 16, null, '2000-12-15', true, 28, 156, 'nulla pede', true, 'https://sohu.com', 241331, 26302, 13, 'consectetuer', true, 'dis', 'duis', 'Rhybox');
insert into apartment (active, area, building_id, comment, creation_date, exclusivity, floor, id, market_type, on_corner, photos_url, price, price_per_square_meter, rooms_number, status, storage_room, type_of_kitchen, view, windows_direction) values (false, 184, 30, null, '2016-02-07', true, 45, 157, 'nunc viverra', true, 'https://cloudflare.com', 783069, 25612, 10, 'faucibus', true, 'erat', 'nulla', 'Kazio');
insert into apartment (active, area, building_id, comment, creation_date, exclusivity, floor, id, market_type, on_corner, photos_url, price, price_per_square_meter, rooms_number, status, storage_room, type_of_kitchen, view, windows_direction) values (false, 3725, 29, 'ac consequat metus sapien ut', '2017-01-27', false, 5, 158, 'non', true, 'http://ibm.com', 577256, 18099, 5, 'justo', true, 'rhoncus', 'consectetuer', 'Vitz');
insert into apartment (active, area, building_id, comment, creation_date, exclusivity, floor, id, market_type, on_corner, photos_url, price, price_per_square_meter, rooms_number, status, storage_room, type_of_kitchen, view, windows_direction) values (false, 3144, 13, null, '2005-01-22', false, 3, 159, 'faucibus orci', false, 'https://ezinearticles.com', 717389, 9928, 19, 'pretium', false, 'vehicula', 'volutpat', 'Topdrive');
insert into apartment (active, area, building_id, comment, creation_date, exclusivity, floor, id, market_type, on_corner, photos_url, price, price_per_square_meter, rooms_number, status, storage_room, type_of_kitchen, view, windows_direction) values (false, 3636, 10, null, '2010-12-29', true, 25, 160, 'tellus', false, 'http://nbcnews.com', 436532, 15036, 5, 'donec', false, 'lorem', 'quis', 'Vinder');
insert into apartment (active, area, building_id, comment, creation_date, exclusivity, floor, id, market_type, on_corner, photos_url, price, price_per_square_meter, rooms_number, status, storage_room, type_of_kitchen, view, windows_direction) values (true, 258, 39, 'vitae nisi nam ultrices libero non mattis pulvinar nulla pede ullamcorper augue a suscipit', '2003-06-19', true, 49, 161, 'suspendisse potenti cras', false, 'https://time.com', 258987, 15071, 7, 'sapien', false, 'dapibus', 'volutpat', 'Fliptune');
insert into apartment (active, area, building_id, comment, creation_date, exclusivity, floor, id, market_type, on_corner, photos_url, price, price_per_square_meter, rooms_number, status, storage_room, type_of_kitchen, view, windows_direction) values (false, 3876, 12, null, '2017-07-20', true, 19, 162, 'ultrices posuere', true, 'http://dagondesign.com', 45814, 18339, 7, 'metus', true, 'libero', 'mattis', 'Meetz');
insert into apartment (active, area, building_id, comment, creation_date, exclusivity, floor, id, market_type, on_corner, photos_url, price, price_per_square_meter, rooms_number, status, storage_room, type_of_kitchen, view, windows_direction) values (false, 1678, 22, 'phasellus in felis donec semper', '2003-03-31', false, 35, 163, 'in sapien', false, 'https://cloudflare.com', 900943, 11502, 13, 'suspendisse', true, 'sollicitudin', 'nulla', 'Dynazzy');
insert into apartment (active, area, building_id, comment, creation_date, exclusivity, floor, id, market_type, on_corner, photos_url, price, price_per_square_meter, rooms_number, status, storage_room, type_of_kitchen, view, windows_direction) values (true, 3750, 9, 'diam in magna bibendum imperdiet nullam orci pede venenatis non sodales sed', '2012-08-27', true, 6, 164, 'malesuada in imperdiet', true, 'https://springer.com', 901313, 6521, 6, 'primis', true, 'aliquam', 'convallis', 'Jayo');
insert into apartment (active, area, building_id, comment, creation_date, exclusivity, floor, id, market_type, on_corner, photos_url, price, price_per_square_meter, rooms_number, status, storage_room, type_of_kitchen, view, windows_direction) values (true, 1735, 12, null, '2005-08-08', true, 37, 165, 'rhoncus', false, 'https://cafepress.com', 453154, 29306, 11, 'odio', true, 'et', 'nunc', 'Katz');
insert into apartment (active, area, building_id, comment, creation_date, exclusivity, floor, id, market_type, on_corner, photos_url, price, price_per_square_meter, rooms_number, status, storage_room, type_of_kitchen, view, windows_direction) values (false, 3110, 33, null, '2016-12-11', false, 45, 166, 'molestie sed justo', true, 'http://elegantthemes.com', 310973, 12736, 11, 'hac', false, 'diam', 'maecenas', 'Fivebridge');
insert into apartment (active, area, building_id, comment, creation_date, exclusivity, floor, id, market_type, on_corner, photos_url, price, price_per_square_meter, rooms_number, status, storage_room, type_of_kitchen, view, windows_direction) values (false, 546, 9, null, '2015-09-03', true, 22, 167, 'sed magna', false, 'http://people.com.cn', 805780, 12024, 4, 'erat', true, 'eu', 'vestibulum', 'Vimbo');
insert into apartment (active, area, building_id, comment, creation_date, exclusivity, floor, id, market_type, on_corner, photos_url, price, price_per_square_meter, rooms_number, status, storage_room, type_of_kitchen, view, windows_direction) values (true, 552, 26, null, '2008-08-17', true, 30, 168, 'quis orci', false, 'https://marketwatch.com', 585599, 8575, 6, 'purus', false, 'phasellus', 'vestibulum', 'Pixonyx');
insert into apartment (active, area, building_id, comment, creation_date, exclusivity, floor, id, market_type, on_corner, photos_url, price, price_per_square_meter, rooms_number, status, storage_room, type_of_kitchen, view, windows_direction) values (true, 1074, 35, null, '2012-05-13', false, 22, 169, 'aliquet at feugiat', true, 'http://cmu.edu', 649072, 28723, 5, 'nulla', true, 'aliquet', 'posuere', 'Janyx');
insert into apartment (active, area, building_id, comment, creation_date, exclusivity, floor, id, market_type, on_corner, photos_url, price, price_per_square_meter, rooms_number, status, storage_room, type_of_kitchen, view, windows_direction) values (true, 1498, 3, null, '2003-06-09', true, 12, 170, 'sed', false, 'https://mozilla.com', 701503, 20871, 9, 'ipsum', false, 'erat', 'pede', 'Trupe');
insert into apartment (active, area, building_id, comment, creation_date, exclusivity, floor, id, market_type, on_corner, photos_url, price, price_per_square_meter, rooms_number, status, storage_room, type_of_kitchen, view, windows_direction) values (false, 3143, 22, 'pede lobortis ligula sit amet eleifend pede libero quis orci nullam', '2009-03-31', true, 41, 171, 'dictumst morbi', true, 'http://taobao.com', 338459, 29190, 17, 'porttitor', true, 'vulputate', 'id', 'Katz');
insert into apartment (active, area, building_id, comment, creation_date, exclusivity, floor, id, market_type, on_corner, photos_url, price, price_per_square_meter, rooms_number, status, storage_room, type_of_kitchen, view, windows_direction) values (true, 704, 15, 'malesuada in imperdiet et commodo vulputate justo in blandit', '2013-08-18', false, 21, 172, 'non', false, 'http://mlb.com', 716140, 10156, 18, 'lorem', false, 'tristique', 'hac', 'Buzzdog');
insert into apartment (active, area, building_id, comment, creation_date, exclusivity, floor, id, market_type, on_corner, photos_url, price, price_per_square_meter, rooms_number, status, storage_room, type_of_kitchen, view, windows_direction) values (false, 1041, 12, null, '2009-12-15', true, 13, 173, 'suspendisse potenti', false, 'https://sun.com', 751425, 13467, 2, 'quis', true, 'feugiat', 'nunc', 'Janyx');
insert into apartment (active, area, building_id, comment, creation_date, exclusivity, floor, id, market_type, on_corner, photos_url, price, price_per_square_meter, rooms_number, status, storage_room, type_of_kitchen, view, windows_direction) values (false, 567, 32, null, '2005-02-13', false, 50, 174, 'interdum', false, 'http://wiley.com', 46973, 24829, 2, 'bibendum', true, 'posuere', 'at', 'Thoughtblab');
insert into apartment (active, area, building_id, comment, creation_date, exclusivity, floor, id, market_type, on_corner, photos_url, price, price_per_square_meter, rooms_number, status, storage_room, type_of_kitchen, view, windows_direction) values (false, 471, 26, null, '2015-11-26', false, 2, 175, 'bibendum morbi non', true, 'http://ovh.net', 303804, 14292, 10, 'odio', false, 'at', 'integer', 'Tagtune');
insert into apartment (active, area, building_id, comment, creation_date, exclusivity, floor, id, market_type, on_corner, photos_url, price, price_per_square_meter, rooms_number, status, storage_room, type_of_kitchen, view, windows_direction) values (false, 49, 19, null, '2001-01-19', true, 8, 176, 'faucibus', false, 'http://marriott.com', 110285, 26943, 13, 'at', true, 'orci', 'sit', 'Skiba');
insert into apartment (active, area, building_id, comment, creation_date, exclusivity, floor, id, market_type, on_corner, photos_url, price, price_per_square_meter, rooms_number, status, storage_room, type_of_kitchen, view, windows_direction) values (true, 1445, 22, null, '2001-08-10', false, 20, 177, 'nascetur ridiculus', true, 'http://reference.com', 109064, 9461, 4, 'dapibus', false, 'nibh', 'massa', 'Meevee');
insert into apartment (active, area, building_id, comment, creation_date, exclusivity, floor, id, market_type, on_corner, photos_url, price, price_per_square_meter, rooms_number, status, storage_room, type_of_kitchen, view, windows_direction) values (true, 3692, 17, null, '2015-10-30', true, 23, 178, 'massa', true, 'https://cargocollective.com', 601393, 20912, 14, 'eu', false, 'eu', 'eleifend', 'Yoveo');
insert into apartment (active, area, building_id, comment, creation_date, exclusivity, floor, id, market_type, on_corner, photos_url, price, price_per_square_meter, rooms_number, status, storage_room, type_of_kitchen, view, windows_direction) values (true, 1272, 31, null, '2015-12-24', true, 34, 179, 'eget tincidunt eget', true, 'https://liveinternet.ru', 318098, 8249, 15, 'nulla', true, 'dolor', 'in', 'Thoughtmix');
insert into apartment (active, area, building_id, comment, creation_date, exclusivity, floor, id, market_type, on_corner, photos_url, price, price_per_square_meter, rooms_number, status, storage_room, type_of_kitchen, view, windows_direction) values (false, 396, 1, null, '2007-12-15', false, 48, 180, 'montes', false, 'https://scribd.com', 175010, 12516, 3, 'elit', true, 'in', 'in', 'Jabbersphere');
insert into apartment (active, area, building_id, comment, creation_date, exclusivity, floor, id, market_type, on_corner, photos_url, price, price_per_square_meter, rooms_number, status, storage_room, type_of_kitchen, view, windows_direction) values (true, 1017, 13, 'in tempus sit amet sem fusce consequat nulla nisl nunc nisl duis bibendum felis sed interdum', '2001-01-16', false, 37, 181, 'urna ut tellus', true, 'http://state.gov', 419433, 14371, 7, 'tincidunt', false, 'phasellus', 'pede', 'Voonte');
insert into apartment (active, area, building_id, comment, creation_date, exclusivity, floor, id, market_type, on_corner, photos_url, price, price_per_square_meter, rooms_number, status, storage_room, type_of_kitchen, view, windows_direction) values (true, 562, 11, 'morbi ut odio cras mi pede malesuada in imperdiet et commodo vulputate justo in blandit ultrices enim lorem', '2012-02-29', false, 42, 182, 'aenean lectus', false, 'https://abc.net.au', 664904, 24805, 16, 'ipsum', true, 'ornare', 'vestibulum', 'Babbleopia');
insert into apartment (active, area, building_id, comment, creation_date, exclusivity, floor, id, market_type, on_corner, photos_url, price, price_per_square_meter, rooms_number, status, storage_room, type_of_kitchen, view, windows_direction) values (false, 1297, 8, null, '2018-08-23', true, 36, 183, 'tellus nisi', true, 'http://fc2.com', 902095, 10151, 9, 'ipsum', false, 'vivamus', 'elementum', 'Blogtags');
insert into apartment (active, area, building_id, comment, creation_date, exclusivity, floor, id, market_type, on_corner, photos_url, price, price_per_square_meter, rooms_number, status, storage_room, type_of_kitchen, view, windows_direction) values (true, 3988, 33, null, '2005-08-01', true, 34, 184, 'maecenas leo odio', false, 'http://netvibes.com', 438243, 23638, 12, 'montes', false, 'eu', 'non', 'Digitube');
insert into apartment (active, area, building_id, comment, creation_date, exclusivity, floor, id, market_type, on_corner, photos_url, price, price_per_square_meter, rooms_number, status, storage_room, type_of_kitchen, view, windows_direction) values (true, 1095, 28, 'eu mi nulla ac enim in tempor turpis nec euismod scelerisque quam turpis adipiscing lorem vitae mattis nibh ligula nec', '2020-02-02', true, 50, 185, 'aenean', true, 'http://jigsy.com', 660380, 13787, 8, 'interdum', false, 'sem', 'quis', 'Babbleset');
insert into apartment (active, area, building_id, comment, creation_date, exclusivity, floor, id, market_type, on_corner, photos_url, price, price_per_square_meter, rooms_number, status, storage_room, type_of_kitchen, view, windows_direction) values (true, 3905, 32, null, '2001-02-02', true, 13, 186, 'lobortis', false, 'https://elegantthemes.com', 614401, 17832, 17, 'eu', false, 'aliquam', 'justo', 'Brightdog');
insert into apartment (active, area, building_id, comment, creation_date, exclusivity, floor, id, market_type, on_corner, photos_url, price, price_per_square_meter, rooms_number, status, storage_room, type_of_kitchen, view, windows_direction) values (true, 913, 34, null, '2016-08-10', false, 7, 187, 'sit amet', true, 'http://sogou.com', 536003, 15143, 20, 'maecenas', true, 'eget', 'eu', 'Flipopia');
insert into apartment (active, area, building_id, comment, creation_date, exclusivity, floor, id, market_type, on_corner, photos_url, price, price_per_square_meter, rooms_number, status, storage_room, type_of_kitchen, view, windows_direction) values (true, 1685, 7, null, '2005-12-03', false, 15, 188, 'eleifend quam a', true, 'https://webeden.co.uk', 284674, 13152, 17, 'nulla', false, 'quam', 'cras', 'Flipopia');
insert into apartment (active, area, building_id, comment, creation_date, exclusivity, floor, id, market_type, on_corner, photos_url, price, price_per_square_meter, rooms_number, status, storage_room, type_of_kitchen, view, windows_direction) values (true, 2561, 38, null, '2009-12-26', false, 48, 189, 'odio', false, 'http://home.pl', 556341, 13501, 5, 'gravida', true, 'id', 'id', 'Vitz');
insert into apartment (active, area, building_id, comment, creation_date, exclusivity, floor, id, market_type, on_corner, photos_url, price, price_per_square_meter, rooms_number, status, storage_room, type_of_kitchen, view, windows_direction) values (true, 3487, 29, null, '2019-07-05', false, 40, 190, 'ultrices erat', false, 'http://about.me', 452037, 19387, 17, 'cum', true, 'nisl', 'non', 'Nlounge');
insert into apartment (active, area, building_id, comment, creation_date, exclusivity, floor, id, market_type, on_corner, photos_url, price, price_per_square_meter, rooms_number, status, storage_room, type_of_kitchen, view, windows_direction) values (true, 684, 4, 'platea dictumst aliquam augue quam sollicitudin vitae consectetuer eget rutrum', '2009-06-24', true, 35, 191, 'leo pellentesque', true, 'https://scientificamerican.com', 357964, 16166, 9, 'sollicitudin', false, 'amet', 'sit', 'Livepath');
insert into apartment (active, area, building_id, comment, creation_date, exclusivity, floor, id, market_type, on_corner, photos_url, price, price_per_square_meter, rooms_number, status, storage_room, type_of_kitchen, view, windows_direction) values (true, 3166, 26, null, '2001-08-06', false, 2, 192, 'at velit eu', true, 'http://ow.ly', 963238, 22300, 7, 'mauris', false, 'blandit', 'cubilia', 'Rhynyx');
insert into apartment (active, area, building_id, comment, creation_date, exclusivity, floor, id, market_type, on_corner, photos_url, price, price_per_square_meter, rooms_number, status, storage_room, type_of_kitchen, view, windows_direction) values (true, 725, 38, null, '2016-09-19', false, 45, 193, 'eget vulputate', false, 'https://nyu.edu', 528691, 6955, 7, 'integer', true, 'semper', 'ligula', 'Twitterworks');
insert into apartment (active, area, building_id, comment, creation_date, exclusivity, floor, id, market_type, on_corner, photos_url, price, price_per_square_meter, rooms_number, status, storage_room, type_of_kitchen, view, windows_direction) values (true, 1001, 39, 'consequat lectus in', '2011-08-15', true, 16, 194, 'mauris eget massa', true, 'http://angelfire.com', 730145, 27616, 3, 'suspendisse', true, 'pulvinar', 'nullam', 'Yodo');
insert into apartment (active, area, building_id, comment, creation_date, exclusivity, floor, id, market_type, on_corner, photos_url, price, price_per_square_meter, rooms_number, status, storage_room, type_of_kitchen, view, windows_direction) values (true, 2617, 17, 'donec dapibus duis at velit eu est congue elementum in', '2018-06-08', true, 2, 195, 'turpis integer aliquet', false, 'https://surveymonkey.com', 544339, 6133, 2, 'eu', true, 'nullam', 'tristique', 'Wikibox');
insert into apartment (active, area, building_id, comment, creation_date, exclusivity, floor, id, market_type, on_corner, photos_url, price, price_per_square_meter, rooms_number, status, storage_room, type_of_kitchen, view, windows_direction) values (false, 47, 40, null, '2011-09-04', true, 45, 196, 'lectus', false, 'http://tumblr.com', 412310, 27957, 13, 'habitasse', false, 'faucibus', 'amet', 'Youfeed');
insert into apartment (active, area, building_id, comment, creation_date, exclusivity, floor, id, market_type, on_corner, photos_url, price, price_per_square_meter, rooms_number, status, storage_room, type_of_kitchen, view, windows_direction) values (false, 2876, 9, 'elit sodales scelerisque mauris sit amet eros suspendisse accumsan tortor quis', '2015-11-24', false, 27, 197, 'ipsum praesent', false, 'http://friendfeed.com', 430029, 5186, 18, 'hac', false, 'tristique', 'massa', 'Quamba');
insert into apartment (active, area, building_id, comment, creation_date, exclusivity, floor, id, market_type, on_corner, photos_url, price, price_per_square_meter, rooms_number, status, storage_room, type_of_kitchen, view, windows_direction) values (true, 1141, 9, null, '2005-12-29', true, 8, 198, 'pulvinar nulla pede', true, 'http://hc360.com', 814604, 18507, 12, 'non', false, 'elementum', 'ut', 'Mymm');
insert into apartment (active, area, building_id, comment, creation_date, exclusivity, floor, id, market_type, on_corner, photos_url, price, price_per_square_meter, rooms_number, status, storage_room, type_of_kitchen, view, windows_direction) values (false, 45, 36, null, '2006-01-04', true, 14, 199, 'placerat praesent blandit', false, 'http://nature.com', 961769, 7375, 19, 'scelerisque', false, 'tortor', 'in', 'Tagopia');
insert into apartment (active, area, building_id, comment, creation_date, exclusivity, floor, id, market_type, on_corner, photos_url, price, price_per_square_meter, rooms_number, status, storage_room, type_of_kitchen, view, windows_direction) values (false, 1761, 35, null, '2020-01-23', false, 4, 200, 'cras mi pede', false, 'https://nydailynews.com', 519149, 24122, 4, 'habitasse', false, 'ante', 'orci', 'Roodel');

-- clients

insert into client (client_contact_email, client_contact_number, client_interest, client_name, client_registration_date, id, is_active) values (null, 54750906716, 'Nunc nisl.', 'Gauthier Halladay', '2015-04-16', 1, false);
insert into client (client_contact_email, client_contact_number, client_interest, client_name, client_registration_date, id, is_active) values (null, 89733669909, 'Vestibulum ante ipsum primis in faucibus orci luctus et ultrices posuere cubilia Curae; Mauris viverra diam vitae quam. Suspendisse potenti.', 'Misha McGilmartin', '2016-05-06', 2, true);
insert into client (client_contact_email, client_contact_number, client_interest, client_name, client_registration_date, id, is_active) values ('dohegertie2@indiegogo.com', 16473611076, 'Quisque ut erat. Curabitur gravida nisi at nibh.', 'Dukie O''Hegertie', '2011-05-14', 3, false);
insert into client (client_contact_email, client_contact_number, client_interest, client_name, client_registration_date, id, is_active) values ('rhabbershon3@redcross.org', 43292331664, 'Maecenas ut massa quis augue luctus tincidunt.', 'Reynolds Habbershon', '2014-01-13', 4, true);
insert into client (client_contact_email, client_contact_number, client_interest, client_name, client_registration_date, id, is_active) values (null, 28736072142, 'Integer aliquet, massa id lobortis convallis, tortor risus dapibus augue, vel accumsan tellus nisi eu orci.', 'Kort Leake', '2001-02-10', 5, false);
insert into client (client_contact_email, client_contact_number, client_interest, client_name, client_registration_date, id, is_active) values ('mstears5@tumblr.com', 7825362460, 'Aliquam sit amet diam in magna bibendum imperdiet. Nullam orci pede, venenatis non, sodales sed, tincidunt eu, felis.', 'Michel Stears', '2014-10-20', 6, false);
insert into client (client_contact_email, client_contact_number, client_interest, client_name, client_registration_date, id, is_active) values ('mgaitskill6@123-reg.co.uk', 51591553960, 'Cras pellentesque volutpat dui. Maecenas tristique, est et tempus semper, est quam pharetra magna, ac consequat metus sapien ut nunc.', 'Maria Gaitskill', '2003-03-30', 7, false);
insert into client (client_contact_email, client_contact_number, client_interest, client_name, client_registration_date, id, is_active) values ('ascotfurth7@soundcloud.com', 35745720417, 'Nulla facilisi.', 'Adriane Scotfurth', '2007-05-11', 8, false);
insert into client (client_contact_email, client_contact_number, client_interest, client_name, client_registration_date, id, is_active) values (null, 74955050921, 'Maecenas rhoncus aliquam lacus. Morbi quis tortor id nulla ultrices aliquet.', 'Garrik Ahrend', '2019-04-04', 9, true);
insert into client (client_contact_email, client_contact_number, client_interest, client_name, client_registration_date, id, is_active) values ('lhyett9@cbc.ca', 88481288369, 'In tempor, turpis nec euismod scelerisque, quam turpis adipiscing lorem, vitae mattis nibh ligula nec sem.', 'Lurline Hyett', '2004-05-06', 10, false);
insert into client (client_contact_email, client_contact_number, client_interest, client_name, client_registration_date, id, is_active) values ('rsanjaa@weibo.com', 51488444828, 'Praesent blandit lacinia erat.', 'Rycca Sanja', '2014-09-12', 11, false);
insert into client (client_contact_email, client_contact_number, client_interest, client_name, client_registration_date, id, is_active) values ('pmainstonb@cisco.com', 97690698276, 'Quisque id justo sit amet sapien dignissim vestibulum. Vestibulum ante ipsum primis in faucibus orci luctus et ultrices posuere cubilia Curae; Nulla dapibus dolor vel est.', 'Patrice Mainston', '2004-04-11', 12, false);
insert into client (client_contact_email, client_contact_number, client_interest, client_name, client_registration_date, id, is_active) values (null, 71646801302, 'Vestibulum rutrum rutrum neque. Aenean auctor gravida sem.', 'Valentine Banasik', '2007-02-16', 13, true);
insert into client (client_contact_email, client_contact_number, client_interest, client_name, client_registration_date, id, is_active) values ('rrolfinid@pbs.org', 53911743638, 'In hac habitasse platea dictumst.', 'Ruperta Rolfini', '2003-06-03', 14, false);
insert into client (client_contact_email, client_contact_number, client_interest, client_name, client_registration_date, id, is_active) values ('kotteridgee@amazon.co.jp', 24054249977, 'Praesent id massa id nisl venenatis lacinia. Aenean sit amet justo.', 'Kaitlyn Otteridge', '2018-03-21', 15, true);
insert into client (client_contact_email, client_contact_number, client_interest, client_name, client_registration_date, id, is_active) values ('soshavlanf@comsenz.com', 20845092531, 'Donec ut dolor.', 'Skipton O''Shavlan', '2014-12-19', 16, false);
insert into client (client_contact_email, client_contact_number, client_interest, client_name, client_registration_date, id, is_active) values (null, 27493046306, 'Mauris lacinia sapien quis libero. Nullam sit amet turpis elementum ligula vehicula consequat.', 'Loralie Davidesco', '2006-02-23', 17, false);
insert into client (client_contact_email, client_contact_number, client_interest, client_name, client_registration_date, id, is_active) values (null, 4608840838, 'Duis ac nibh. Fusce lacus purus, aliquet at, feugiat non, pretium quis, lectus.', 'Gabi Bray', '2006-09-06', 18, true);
insert into client (client_contact_email, client_contact_number, client_interest, client_name, client_registration_date, id, is_active) values ('mlamdini@ebay.com', 28352305671, 'Morbi non quam nec dui luctus rutrum.', 'Milicent Lamdin', '2002-04-02', 19, false);
insert into client (client_contact_email, client_contact_number, client_interest, client_name, client_registration_date, id, is_active) values ('msoppitj@furl.net', 68940440617, 'Maecenas tristique, est et tempus semper, est quam pharetra magna, ac consequat metus sapien ut nunc.', 'Mortimer Soppit', '2011-07-06', 20, false);
insert into client (client_contact_email, client_contact_number, client_interest, client_name, client_registration_date, id, is_active) values ('lsnyderk@dyndns.org', 70397891506, 'Etiam faucibus cursus urna. Ut tellus.', 'Lilia Snyder', '2017-03-11', 21, false);
insert into client (client_contact_email, client_contact_number, client_interest, client_name, client_registration_date, id, is_active) values (null, 78098521063, 'Aliquam non mauris.', 'Pacorro Ariss', '2016-03-28', 22, false);
insert into client (client_contact_email, client_contact_number, client_interest, client_name, client_registration_date, id, is_active) values (null, 23597971738, 'Cum sociis natoque penatibus et magnis dis parturient montes, nascetur ridiculus mus.', 'Wally Feuell', '2006-05-11', 23, false);
insert into client (client_contact_email, client_contact_number, client_interest, client_name, client_registration_date, id, is_active) values ('gwarmann@studiopress.com', 13208008613, 'Fusce posuere felis sed lacus.', 'Gracie Warman', '2008-01-29', 24, false);
insert into client (client_contact_email, client_contact_number, client_interest, client_name, client_registration_date, id, is_active) values (null, 73296229914, 'Donec ut dolor.', 'Mitzi Gellier', '2020-06-30', 25, false);
insert into client (client_contact_email, client_contact_number, client_interest, client_name, client_registration_date, id, is_active) values (null, 10621650380, 'Suspendisse potenti.', 'Sherline Scouse', '2004-08-29', 26, true);
insert into client (client_contact_email, client_contact_number, client_interest, client_name, client_registration_date, id, is_active) values (null, 71394140568, 'Quisque id justo sit amet sapien dignissim vestibulum.', 'Sal Beton', '2020-01-31', 27, true);
insert into client (client_contact_email, client_contact_number, client_interest, client_name, client_registration_date, id, is_active) values (null, 6975650181, 'Nullam sit amet turpis elementum ligula vehicula consequat.', 'Englebert Kittoe', '2005-12-07', 28, true);
insert into client (client_contact_email, client_contact_number, client_interest, client_name, client_registration_date, id, is_active) values (null, 2541355010, 'Donec dapibus.', 'Gillie Pauel', '2020-02-21', 29, true);
insert into client (client_contact_email, client_contact_number, client_interest, client_name, client_registration_date, id, is_active) values (null, 79761584876, 'Nullam varius. Nulla facilisi.', 'Karlens Strickett', '2002-05-17', 30, true);
insert into client (client_contact_email, client_contact_number, client_interest, client_name, client_registration_date, id, is_active) values (null, 24344640241, 'Praesent id massa id nisl venenatis lacinia. Aenean sit amet justo.', 'Jaquenetta Taffee', '2003-05-17', 31, false);
insert into client (client_contact_email, client_contact_number, client_interest, client_name, client_registration_date, id, is_active) values ('ohindgev@last.fm', 80948149035, 'Nam ultrices, libero non mattis pulvinar, nulla pede ullamcorper augue, a suscipit nulla elit ac nulla.', 'Obediah Hindge', '2010-04-03', 32, false);
insert into client (client_contact_email, client_contact_number, client_interest, client_name, client_registration_date, id, is_active) values (null, 98343373027, 'Pellentesque eget nunc.', 'Phil Kneath', '2013-08-29', 33, true);
insert into client (client_contact_email, client_contact_number, client_interest, client_name, client_registration_date, id, is_active) values (null, 33731946024, 'Fusce congue, diam id ornare imperdiet, sapien urna pretium nisl, ut volutpat sapien arcu sed augue. Aliquam erat volutpat.', 'Tabbi Banane', '2012-08-31', 34, true);
insert into client (client_contact_email, client_contact_number, client_interest, client_name, client_registration_date, id, is_active) values (null, 43871712617, 'In tempor, turpis nec euismod scelerisque, quam turpis adipiscing lorem, vitae mattis nibh ligula nec sem.', 'Leanora Gummie', '2005-06-10', 35, false);
insert into client (client_contact_email, client_contact_number, client_interest, client_name, client_registration_date, id, is_active) values (null, 72483493756, 'Ut tellus.', 'Babita Galey', '2016-10-19', 36, false);
insert into client (client_contact_email, client_contact_number, client_interest, client_name, client_registration_date, id, is_active) values ('jvenard10@walmart.com', 48035783296, 'Phasellus id sapien in sapien iaculis congue.', 'Jolyn Venard', '2013-04-20', 37, false);
insert into client (client_contact_email, client_contact_number, client_interest, client_name, client_registration_date, id, is_active) values ('mjouaneton11@e-recht24.de', 6452743948, 'Cras in purus eu magna vulputate luctus.', 'Marna Jouaneton', '2006-05-24', 38, true);
insert into client (client_contact_email, client_contact_number, client_interest, client_name, client_registration_date, id, is_active) values ('fhaxbie12@springer.com', 26897102594, 'Nulla neque libero, convallis eget, eleifend luctus, ultricies eu, nibh.', 'Farlie Haxbie', '2014-11-22', 39, false);
insert into client (client_contact_email, client_contact_number, client_interest, client_name, client_registration_date, id, is_active) values (null, 4209612568, 'Integer pede justo, lacinia eget, tincidunt eget, tempus vel, pede.', 'Rubin Cruess', '2017-02-04', 40, false);
insert into client (client_contact_email, client_contact_number, client_interest, client_name, client_registration_date, id, is_active) values ('ltaylour14@drupal.org', 66011793020, 'Praesent lectus.', 'Loraine Taylour', '2010-10-13', 41, true);
insert into client (client_contact_email, client_contact_number, client_interest, client_name, client_registration_date, id, is_active) values (null, 35197056642, 'Nam dui. Proin leo odio, porttitor id, consequat in, consequat ut, nulla.', 'Klarrisa Joire', '2018-11-17', 42, false);
insert into client (client_contact_email, client_contact_number, client_interest, client_name, client_registration_date, id, is_active) values ('ggwynne16@goo.ne.jp', 64065636895, 'Nulla facilisi. Cras non velit nec nisi vulputate nonummy.', 'Georgina Gwynne', '2016-02-09', 43, false);
insert into client (client_contact_email, client_contact_number, client_interest, client_name, client_registration_date, id, is_active) values ('dburles17@godaddy.com', 79939621702, 'Nulla ac enim. In tempor, turpis nec euismod scelerisque, quam turpis adipiscing lorem, vitae mattis nibh ligula nec sem.', 'Darnell Burles', '2002-09-19', 44, true);
insert into client (client_contact_email, client_contact_number, client_interest, client_name, client_registration_date, id, is_active) values ('ischlagtmans18@reddit.com', 38814793111, 'Nullam molestie nibh in lectus.', 'Ignazio Schlagtmans', '2017-08-11', 45, false);
insert into client (client_contact_email, client_contact_number, client_interest, client_name, client_registration_date, id, is_active) values ('aoles19@cloudflare.com', 6126822856, 'Maecenas tincidunt lacus at velit. Vivamus vel nulla eget eros elementum pellentesque.', 'Alvis Oles', '2009-07-23', 46, true);
insert into client (client_contact_email, client_contact_number, client_interest, client_name, client_registration_date, id, is_active) values (null, 59795553911, 'Donec odio justo, sollicitudin ut, suscipit a, feugiat et, eros.', 'Wallie Markovic', '2011-11-15', 47, false);
insert into client (client_contact_email, client_contact_number, client_interest, client_name, client_registration_date, id, is_active) values (null, 7015521582, 'Aenean lectus. Pellentesque eget nunc.', 'Sandra Spurman', '2020-02-24', 48, false);
insert into client (client_contact_email, client_contact_number, client_interest, client_name, client_registration_date, id, is_active) values ('karchibould1c@twitter.com', 67471335721, 'Vivamus vel nulla eget eros elementum pellentesque.', 'Kally Archibould', '2020-09-04', 49, false);
insert into client (client_contact_email, client_contact_number, client_interest, client_name, client_registration_date, id, is_active) values ('losiaghail1d@sogou.com', 31487221090, 'Etiam justo. Etiam pretium iaculis justo.', 'Lenci O''Siaghail', '2005-06-07', 50, false);
insert into client (client_contact_email, client_contact_number, client_interest, client_name, client_registration_date, id, is_active) values ('rshimwell1e@wikipedia.org', 60378195070, 'Sed accumsan felis. Ut at dolor quis odio consequat varius.', 'Randolph Shimwell', '2006-07-17', 51, true);
insert into client (client_contact_email, client_contact_number, client_interest, client_name, client_registration_date, id, is_active) values ('rflicker1f@histats.com', 90389197740, 'Maecenas tristique, est et tempus semper, est quam pharetra magna, ac consequat metus sapien ut nunc.', 'Reed Flicker', '2010-02-19', 52, true);
insert into client (client_contact_email, client_contact_number, client_interest, client_name, client_registration_date, id, is_active) values ('kosburn1g@squarespace.com', 64937708146, 'Fusce posuere felis sed lacus. Morbi sem mauris, laoreet ut, rhoncus aliquet, pulvinar sed, nisl.', 'Kristoforo Osburn', '2009-06-25', 53, true);
insert into client (client_contact_email, client_contact_number, client_interest, client_name, client_registration_date, id, is_active) values ('rswannie1h@usa.gov', 70016839374, 'Nulla neque libero, convallis eget, eleifend luctus, ultricies eu, nibh. Quisque id justo sit amet sapien dignissim vestibulum.', 'Ross Swannie', '2020-04-15', 54, true);
insert into client (client_contact_email, client_contact_number, client_interest, client_name, client_registration_date, id, is_active) values (null, 32650536862, 'Cum sociis natoque penatibus et magnis dis parturient montes, nascetur ridiculus mus.', 'Veda Rudram', '2010-11-13', 55, false);
insert into client (client_contact_email, client_contact_number, client_interest, client_name, client_registration_date, id, is_active) values (null, 37014801319, 'Suspendisse potenti. Nullam porttitor lacus at turpis.', 'Ailyn Pahlsson', '2004-07-13', 56, false);
insert into client (client_contact_email, client_contact_number, client_interest, client_name, client_registration_date, id, is_active) values (null, 74757461169, 'Suspendisse potenti. Cras in purus eu magna vulputate luctus.', 'Alaine Magill', '2015-07-10', 57, false);
insert into client (client_contact_email, client_contact_number, client_interest, client_name, client_registration_date, id, is_active) values ('smeiklejohn1l@ask.com', 39861512262, 'Quisque erat eros, viverra eget, congue eget, semper rutrum, nulla. Nunc purus.', 'Sasha Meiklejohn', '2005-08-21', 58, true);
insert into client (client_contact_email, client_contact_number, client_interest, client_name, client_registration_date, id, is_active) values ('tkinnier1m@washingtonpost.com', 60550649663, 'Phasellus id sapien in sapien iaculis congue. Vivamus metus arcu, adipiscing molestie, hendrerit at, vulputate vitae, nisl.', 'Turner Kinnier', '2018-05-02', 59, true);
insert into client (client_contact_email, client_contact_number, client_interest, client_name, client_registration_date, id, is_active) values ('rbason1n@theglobeandmail.com', 6779105973, 'Nam dui. Proin leo odio, porttitor id, consequat in, consequat ut, nulla.', 'Reade Bason', '2001-03-16', 60, true);
insert into client (client_contact_email, client_contact_number, client_interest, client_name, client_registration_date, id, is_active) values ('cmccrohon1o@1688.com', 62502389652, 'Vestibulum ante ipsum primis in faucibus orci luctus et ultrices posuere cubilia Curae; Mauris viverra diam vitae quam.', 'Cleve McCrohon', '2010-02-22', 61, true);
insert into client (client_contact_email, client_contact_number, client_interest, client_name, client_registration_date, id, is_active) values (null, 81785236607, 'Etiam justo.', 'Pia Olivetti', '2006-11-25', 62, true);
insert into client (client_contact_email, client_contact_number, client_interest, client_name, client_registration_date, id, is_active) values ('ctefft1q@sphinn.com', 53079356773, 'In congue. Etiam justo.', 'Chaunce Tefft', '2007-06-23', 63, true);
insert into client (client_contact_email, client_contact_number, client_interest, client_name, client_registration_date, id, is_active) values ('jbayford1r@skyrock.com', 87111399837, 'Vestibulum ante ipsum primis in faucibus orci luctus et ultrices posuere cubilia Curae; Nulla dapibus dolor vel est. Donec odio justo, sollicitudin ut, suscipit a, feugiat et, eros.', 'Jilleen Bayford', '2016-10-18', 64, true);
insert into client (client_contact_email, client_contact_number, client_interest, client_name, client_registration_date, id, is_active) values ('lcunningham1s@bing.com', 32525620136, 'Maecenas ut massa quis augue luctus tincidunt. Nulla mollis molestie lorem.', 'Lori Cunningham', '2008-02-23', 65, false);
insert into client (client_contact_email, client_contact_number, client_interest, client_name, client_registration_date, id, is_active) values ('gassel1t@1und1.de', 72635947728, 'Morbi porttitor lorem id ligula. Suspendisse ornare consequat lectus.', 'Gael Assel', '2001-12-31', 66, false);
insert into client (client_contact_email, client_contact_number, client_interest, client_name, client_registration_date, id, is_active) values (null, 61585505467, 'Pellentesque eget nunc.', 'Garry Niland', '2010-01-09', 67, true);
insert into client (client_contact_email, client_contact_number, client_interest, client_name, client_registration_date, id, is_active) values ('nvarns1v@nih.gov', 71091145022, 'Cum sociis natoque penatibus et magnis dis parturient montes, nascetur ridiculus mus. Etiam vel augue.', 'Nessy Varns', '2001-02-19', 68, true);
insert into client (client_contact_email, client_contact_number, client_interest, client_name, client_registration_date, id, is_active) values ('efluck1w@reddit.com', 87742960570, 'Praesent lectus. Vestibulum quam sapien, varius ut, blandit non, interdum in, ante.', 'Edwina Fluck', '2008-05-27', 69, false);
insert into client (client_contact_email, client_contact_number, client_interest, client_name, client_registration_date, id, is_active) values ('gbremmell1x@twitter.com', 95803201079, 'Nunc rhoncus dui vel sem. Sed sagittis.', 'Germana Bremmell', '2006-01-23', 70, false);
insert into client (client_contact_email, client_contact_number, client_interest, client_name, client_registration_date, id, is_active) values ('bwane1y@hexun.com', 84488244578, 'Morbi non lectus.', 'Berke Wane', '2004-04-01', 71, true);
insert into client (client_contact_email, client_contact_number, client_interest, client_name, client_registration_date, id, is_active) values ('ddick1z@vk.com', 38098292352, 'Cras non velit nec nisi vulputate nonummy.', 'Dina Dick', '2019-07-12', 72, true);
insert into client (client_contact_email, client_contact_number, client_interest, client_name, client_registration_date, id, is_active) values (null, 62868353198, 'Maecenas leo odio, condimentum id, luctus nec, molestie sed, justo. Pellentesque viverra pede ac diam.', 'Gerard Jozefczak', '2006-06-16', 73, false);
insert into client (client_contact_email, client_contact_number, client_interest, client_name, client_registration_date, id, is_active) values (null, 2443447719, 'Aenean auctor gravida sem. Praesent id massa id nisl venenatis lacinia.', 'Sophia Duffan', '2006-07-01', 74, false);
insert into client (client_contact_email, client_contact_number, client_interest, client_name, client_registration_date, id, is_active) values ('fgetsham22@so-net.ne.jp', 9425631173, 'Cras in purus eu magna vulputate luctus.', 'Ferd Getsham', '2015-03-18', 75, false);
insert into client (client_contact_email, client_contact_number, client_interest, client_name, client_registration_date, id, is_active) values ('ushearman23@scientificamerican.com', 29186300065, 'Curabitur at ipsum ac tellus semper interdum. Mauris ullamcorper purus sit amet nulla.', 'Ula Shearman', '2004-12-31', 76, false);
insert into client (client_contact_email, client_contact_number, client_interest, client_name, client_registration_date, id, is_active) values ('docannovane24@globo.com', 21468418051, 'Vestibulum quam sapien, varius ut, blandit non, interdum in, ante.', 'Daisi O''Cannovane', '2020-05-07', 77, true);
insert into client (client_contact_email, client_contact_number, client_interest, client_name, client_registration_date, id, is_active) values ('bsarrell25@ameblo.jp', 61041172738, 'Suspendisse potenti.', 'Butch Sarrell', '2010-06-22', 78, false);
insert into client (client_contact_email, client_contact_number, client_interest, client_name, client_registration_date, id, is_active) values ('slehrian26@nps.gov', 27767871754, 'Etiam faucibus cursus urna.', 'Sylvester Lehrian', '2010-10-16', 79, false);
insert into client (client_contact_email, client_contact_number, client_interest, client_name, client_registration_date, id, is_active) values ('gchattington27@dion.ne.jp', 83970740215, 'Donec posuere metus vitae ipsum.', 'Gare Chattington', '2019-07-03', 80, false);

-- user

insert into user (id, is_active, user_email, user_password, username) values (1, true, 'fkneeland0@narod.ru', '6bkGCULkm', 'hwilstead0');
insert into user (id, is_active, user_email, user_password, username) values (2, true, 'fcolumbine1@linkedin.com', 'D2nLLZNYGv', 'tvidgen1');
insert into user (id, is_active, user_email, user_password, username) values (3, true, 'rclucas2@free.fr', 'LFkheed', 'mlunam2');
insert into user (id, is_active, user_email, user_password, username) values (4, true, 'lmee3@sina.com.cn', '3tz9pt', 'cwarhurst3');
insert into user (id, is_active, user_email, user_password, username) values (5, true, 'rpeel4@guardian.co.uk', 'ASlZST6zGjB', 'lfoxworthy4');
insert into user (id, is_active, user_email, user_password, username) values (6, true, 'ctuohy5@foxnews.com', '1Ymp6L7ehDK', 'uproud5');
insert into user (id, is_active, user_email, user_password, username) values (7, false, 'bklampt6@cnn.com', 'rRJkOw3yk', 'sfeetham6');
insert into user (id, is_active, user_email, user_password, username) values (8, true, 'wmicco7@kickstarter.com', 'Nbww59SQY3O', 'dhimsworth7');
insert into user (id, is_active, user_email, user_password, username) values (9, false, 'nwigin8@psu.edu', '0qZQHmil', 'ishotter8');
insert into user (id, is_active, user_email, user_password, username) values (10, false, 'gpittet9@ycombinator.com', 'Qpx33edDJo', 'lducaen9');
insert into user (id, is_active, user_email, user_password, username) values (11, true, 'eraisea@oaic.gov.au', 'cMQSb1', 'mmcvitya');
insert into user (id, is_active, user_email, user_password, username) values (12, false, 'soffillb@ox.ac.uk', 'rUC21M04nIqs', 'efrenschb');
insert into user (id, is_active, user_email, user_password, username) values (13, true, 'dchezierc@printfriendly.com', 'fSj03lG3W', 'abrennonc');
insert into user (id, is_active, user_email, user_password, username) values (14, false, 'wizsakd@apple.com', 'n92Ejw', 'fyakushkind');
insert into user (id, is_active, user_email, user_password, username) values (15, false, 'ggentzsche@umn.edu', '0TyP70s2Mx', 'vpashane');
insert into user (id, is_active, user_email, user_password, username) values (16, true, 'mhuttenf@mozilla.com', 'O0r3S9', 'blibbef');
insert into user (id, is_active, user_email, user_password, username) values (17, false, 'lbeamentg@webs.com', '2EHfjbA', 'amcgreilg');
insert into user (id, is_active, user_email, user_password, username) values (18, false, 'cphiferh@scientificamerican.com', 'QbGNQpNPWkT', 'nkiwitzh');
insert into user (id, is_active, user_email, user_password, username) values (19, true, 'tfidilisi@huffingtonpost.com', 'zGb2nTi', 'ilyngstedi');
insert into user (id, is_active, user_email, user_password, username) values (20, true, 'tpudsallj@mail.ru', 'RIgj1Xx5jRxX', 'cfilshinj');

-- client_user

insert into client_user (client_id, user_id) values (40, 12);
insert into client_user (client_id, user_id) values (79, 6);
insert into client_user (client_id, user_id) values (29, 8);
insert into client_user (client_id, user_id) values (21, 17);
insert into client_user (client_id, user_id) values (24, 15);
insert into client_user (client_id, user_id) values (74, 10);
insert into client_user (client_id, user_id) values (42, 13);
insert into client_user (client_id, user_id) values (18, 5);
insert into client_user (client_id, user_id) values (1, 20);
insert into client_user (client_id, user_id) values (44, 11);
insert into client_user (client_id, user_id) values (15, 11);
insert into client_user (client_id, user_id) values (65, 5);
insert into client_user (client_id, user_id) values (3, 7);
insert into client_user (client_id, user_id) values (28, 5);
insert into client_user (client_id, user_id) values (1, 15);
insert into client_user (client_id, user_id) values (76, 16);
insert into client_user (client_id, user_id) values (50, 17);
insert into client_user (client_id, user_id) values (37, 6);
insert into client_user (client_id, user_id) values (44, 18);
insert into client_user (client_id, user_id) values (40, 11);
insert into client_user (client_id, user_id) values (16, 19);
insert into client_user (client_id, user_id) values (6, 11);
insert into client_user (client_id, user_id) values (61, 8);
insert into client_user (client_id, user_id) values (15, 20);
insert into client_user (client_id, user_id) values (65, 16);
insert into client_user (client_id, user_id) values (39, 13);
insert into client_user (client_id, user_id) values (20, 16);
insert into client_user (client_id, user_id) values (60, 17);
insert into client_user (client_id, user_id) values (56, 5);
insert into client_user (client_id, user_id) values (7, 20);
insert into client_user (client_id, user_id) values (58, 1);
insert into client_user (client_id, user_id) values (50, 17);
insert into client_user (client_id, user_id) values (16, 1);
insert into client_user (client_id, user_id) values (79, 15);
insert into client_user (client_id, user_id) values (63, 15);
insert into client_user (client_id, user_id) values (18, 1);
insert into client_user (client_id, user_id) values (2, 12);
insert into client_user (client_id, user_id) values (57, 17);
insert into client_user (client_id, user_id) values (55, 14);
insert into client_user (client_id, user_id) values (57, 8);
insert into client_user (client_id, user_id) values (5, 10);
insert into client_user (client_id, user_id) values (56, 20);
insert into client_user (client_id, user_id) values (37, 7);
insert into client_user (client_id, user_id) values (50, 6);
insert into client_user (client_id, user_id) values (44, 15);
insert into client_user (client_id, user_id) values (79, 17);
insert into client_user (client_id, user_id) values (27, 16);
insert into client_user (client_id, user_id) values (78, 9);
insert into client_user (client_id, user_id) values (29, 8);
insert into client_user (client_id, user_id) values (27, 8);
insert into client_user (client_id, user_id) values (8, 19);
insert into client_user (client_id, user_id) values (29, 18);
insert into client_user (client_id, user_id) values (3, 5);
insert into client_user (client_id, user_id) values (68, 20);
insert into client_user (client_id, user_id) values (36, 3);
insert into client_user (client_id, user_id) values (8, 20);
insert into client_user (client_id, user_id) values (53, 13);
insert into client_user (client_id, user_id) values (34, 1);
insert into client_user (client_id, user_id) values (27, 7);
insert into client_user (client_id, user_id) values (66, 6);
insert into client_user (client_id, user_id) values (58, 8);
insert into client_user (client_id, user_id) values (15, 1);
insert into client_user (client_id, user_id) values (9, 12);
insert into client_user (client_id, user_id) values (63, 13);
insert into client_user (client_id, user_id) values (76, 9);
insert into client_user (client_id, user_id) values (56, 16);
insert into client_user (client_id, user_id) values (22, 11);
insert into client_user (client_id, user_id) values (48, 5);
insert into client_user (client_id, user_id) values (64, 7);
insert into client_user (client_id, user_id) values (23, 8);
insert into client_user (client_id, user_id) values (75, 7);
insert into client_user (client_id, user_id) values (62, 7);
insert into client_user (client_id, user_id) values (9, 1);
insert into client_user (client_id, user_id) values (74, 9);
insert into client_user (client_id, user_id) values (62, 16);
insert into client_user (client_id, user_id) values (8, 8);
insert into client_user (client_id, user_id) values (45, 8);
insert into client_user (client_id, user_id) values (5, 8);
insert into client_user (client_id, user_id) values (58, 12);
insert into client_user (client_id, user_id) values (1, 11);

-- user_roles

insert into user_roles (role, user_id) values ('admin', 1);
insert into user_roles (role, user_id) values ('admin', 2);
insert into user_roles (role, user_id) values ('admin', 3);
insert into user_roles (role, user_id) values ('admin', 4);
insert into user_roles (role, user_id) values ('user', 5);
insert into user_roles (role, user_id) values ('user', 6);
insert into user_roles (role, user_id) values ('user', 7);
insert into user_roles (role, user_id) values ('user', 8);
insert into user_roles (role, user_id) values ('user', 9);
insert into user_roles (role, user_id) values ('user', 10);
insert into user_roles (role, user_id) values ('user', 11);
insert into user_roles (role, user_id) values ('user', 12);
insert into user_roles (role, user_id) values ('user', 13);
insert into user_roles (role, user_id) values ('user', 14);
insert into user_roles (role, user_id) values ('user', 15);
insert into user_roles (role, user_id) values ('user', 16);
insert into user_roles (role, user_id) values ('user', 17);
insert into user_roles (role, user_id) values ('user', 18);
insert into user_roles (role, user_id) values ('user', 19);
insert into user_roles (role, user_id) values ('user', 20);

